{
  "schema": "1.0",
  "comment": "This file maps proto services/RPCs to the corresponding library clients/methods.",
  "language": "go",
  "protoPackage": "google.cloud.edgecontainer.v1",
  "libraryPackage": "cloud.google.com/go/edgecontainer/apiv1",
  "services": {
    "EdgeContainer": {
      "clients": {
        "grpc": {
          "libraryClient": "Client",
          "rpcs": {
            "CancelOperation": {
              "methods": [
                "CancelOperation"
              ]
            },
            "CreateCluster": {
              "methods": [
                "CreateCluster"
              ]
            },
            "CreateNodePool": {
              "methods": [
                "CreateNodePool"
              ]
            },
            "CreateVpnConnection": {
              "methods": [
                "CreateVpnConnection"
              ]
            },
            "DeleteCluster": {
              "methods": [
                "DeleteCluster"
              ]
            },
            "DeleteNodePool": {
              "methods": [
                "DeleteNodePool"
              ]
            },
            "DeleteOperation": {
              "methods": [
                "DeleteOperation"
              ]
            },
            "DeleteVpnConnection": {
              "methods": [
                "DeleteVpnConnection"
              ]
            },
            "GenerateAccessToken": {
              "methods": [
                "GenerateAccessToken"
              ]
            },
            "GetCluster": {
              "methods": [
                "GetCluster"
              ]
            },
            "GetLocation": {
              "methods": [
                "GetLocation"
              ]
            },
            "GetMachine": {
              "methods": [
                "GetMachine"
              ]
            },
            "GetNodePool": {
              "methods": [
                "GetNodePool"
              ]
            },
            "GetOperation": {
              "methods": [
                "GetOperation"
              ]
            },
            "GetVpnConnection": {
              "methods": [
                "GetVpnConnection"
              ]
            },
            "ListClusters": {
              "methods": [
                "ListClusters"
              ]
            },
            "ListLocations": {
              "methods": [
                "ListLocations"
              ]
            },
            "ListMachines": {
              "methods": [
                "ListMachines"
              ]
            },
            "ListNodePools": {
              "methods": [
                "ListNodePools"
              ]
            },
            "ListOperations": {
              "methods": [
                "ListOperations"
              ]
            },
            "ListVpnConnections": {
              "methods": [
                "ListVpnConnections"
              ]
            },
            "UpdateCluster": {
              "methods": [
                "UpdateCluster"
              ]
            },
            "UpdateNodePool": {
              "methods": [
                "UpdateNodePool"
              ]
            }
          }
        }
      }
    }
  }
}
