{
  "schema": "1.0",
  "comment": "This file maps proto services/RPCs to the corresponding library clients/methods.",
  "language": "go",
  "protoPackage": "google.cloud.notebooks.v1",
  "libraryPackage": "cloud.google.com/go/notebooks/apiv1",
  "services": {
    "ManagedNotebookService": {
      "clients": {
        "grpc": {
          "libraryClient": "ManagedNotebookClient",
          "rpcs": {
            "CancelOperation": {
              "methods": [
                "CancelOperation"
              ]
            },
            "CreateRuntime": {
              "methods": [
                "CreateRuntime"
              ]
            },
            "DeleteOperation": {
              "methods": [
                "DeleteOperation"
              ]
            },
            "DeleteRuntime": {
              "methods": [
                "DeleteRuntime"
              ]
            },
            "DiagnoseRuntime": {
              "methods": [
                "DiagnoseRuntime"
              ]
            },
            "GetIamPolicy": {
              "methods": [
                "GetIamPolicy"
              ]
            },
            "GetLocation": {
              "methods": [
                "GetLocation"
              ]
            },
            "GetOperation": {
              "methods": [
                "GetOperation"
              ]
            },
            "GetRuntime": {
              "methods": [
                "GetRuntime"
              ]
            },
            "ListLocations": {
              "methods": [
                "ListLocations"
              ]
            },
            "ListOperations": {
              "methods": [
                "ListOperations"
              ]
            },
            "ListRuntimes": {
              "methods": [
                "ListRuntimes"
              ]
            },
            "RefreshRuntimeTokenInternal": {
              "methods": [
                "RefreshRuntimeTokenInternal"
              ]
            },
            "ReportRuntimeEvent": {
              "methods": [
                "ReportRuntimeEvent"
              ]
            },
            "ResetRuntime": {
              "methods": [
                "ResetRuntime"
              ]
            },
            "SetIamPolicy": {
              "methods": [
                "SetIamPolicy"
              ]
            },
            "StartRuntime": {
              "methods": [
                "StartRuntime"
              ]
            },
            "StopRuntime": {
              "methods": [
                "StopRuntime"
              ]
            },
            "SwitchRuntime": {
              "methods": [
                "SwitchRuntime"
              ]
            },
            "TestIamPermissions": {
              "methods": [
                "TestIamPermissions"
              ]
            },
            "UpdateRuntime": {
              "methods": [
                "UpdateRuntime"
              ]
            },
            "UpgradeRuntime": {
              "methods": [
                "UpgradeRuntime"
              ]
            }
          }
        }
      }
    },
    "NotebookService": {
      "clients": {
        "grpc": {
          "libraryClient": "NotebookClient",
          "rpcs": {
            "CancelOperation": {
              "methods": [
                "CancelOperation"
              ]
            },
            "CreateEnvironment": {
              "methods": [
                "CreateEnvironment"
              ]
            },
            "CreateExecution": {
              "methods": [
                "CreateExecution"
              ]
            },
            "CreateInstance": {
              "methods": [
                "CreateInstance"
              ]
            },
            "CreateSchedule": {
              "methods": [
                "CreateSchedule"
              ]
            },
            "DeleteEnvironment": {
              "methods": [
                "DeleteEnvironment"
              ]
            },
            "DeleteExecution": {
              "methods": [
                "DeleteExecution"
              ]
            },
            "DeleteInstance": {
              "methods": [
                "DeleteInstance"
              ]
            },
            "DeleteOperation": {
              "methods": [
                "DeleteOperation"
              ]
            },
            "DeleteSchedule": {
              "methods": [
                "DeleteSchedule"
              ]
            },
            "DiagnoseInstance": {
              "methods": [
                "DiagnoseInstance"
              ]
            },
            "GetEnvironment": {
              "methods": [
                "GetEnvironment"
              ]
            },
            "GetExecution": {
              "methods": [
                "GetExecution"
              ]
            },
            "GetIamPolicy": {
              "methods": [
                "GetIamPolicy"
              ]
            },
            "GetInstance": {
              "methods": [
                "GetInstance"
              ]
            },
            "GetInstanceHealth": {
              "methods": [
                "GetInstanceHealth"
              ]
            },
            "GetLocation": {
              "methods": [
                "GetLocation"
              ]
            },
            "GetOperation": {
              "methods": [
                "GetOperation"
              ]
            },
            "GetSchedule": {
              "methods": [
                "GetSchedule"
              ]
            },
            "IsInstanceUpgradeable": {
              "methods": [
                "IsInstanceUpgradeable"
              ]
            },
            "ListEnvironments": {
              "methods": [
                "ListEnvironments"
              ]
            },
            "ListExecutions": {
              "methods": [
                "ListExecutions"
              ]
            },
            "ListInstances": {
              "methods": [
                "ListInstances"
              ]
            },
            "ListLocations": {
              "methods": [
                "ListLocations"
              ]
            },
            "ListOperations": {
              "methods": [
                "ListOperations"
              ]
            },
            "ListSchedules": {
              "methods": [
                "ListSchedules"
              ]
            },
            "RegisterInstance": {
              "methods": [
                "RegisterInstance"
              ]
            },
            "ReportInstanceInfo": {
              "methods": [
                "ReportInstanceInfo"
              ]
            },
            "ResetInstance": {
              "methods": [
                "ResetInstance"
              ]
            },
            "RollbackInstance": {
              "methods": [
                "RollbackInstance"
              ]
            },
            "SetIamPolicy": {
              "methods": [
                "SetIamPolicy"
              ]
            },
            "SetInstanceAccelerator": {
              "methods": [
                "SetInstanceAccelerator"
              ]
            },
            "SetInstanceLabels": {
              "methods": [
                "SetInstanceLabels"
              ]
            },
            "SetInstanceMachineType": {
              "methods": [
                "SetInstanceMachineType"
              ]
            },
            "StartInstance": {
              "methods": [
                "StartInstance"
              ]
            },
            "StopInstance": {
              "methods": [
                "StopInstance"
              ]
            },
            "TestIamPermissions": {
              "methods": [
                "TestIamPermissions"
              ]
            },
            "TriggerSchedule": {
              "methods": [
                "TriggerSchedule"
              ]
            },
            "UpdateInstanceConfig": {
              "methods": [
                "UpdateInstanceConfig"
              ]
            },
            "UpdateInstanceMetadataItems": {
              "methods": [
                "UpdateInstanceMetadataItems"
              ]
            },
            "UpdateShieldedInstanceConfig": {
              "methods": [
                "UpdateShieldedInstanceConfig"
              ]
            },
            "UpgradeInstance": {
              "methods": [
                "UpgradeInstance"
              ]
            },
            "UpgradeInstanceInternal": {
              "methods": [
                "UpgradeInstanceInternal"
              ]
            }
          }
        }
      }
    }
  }
}
