{
  "schema": "1.0",
  "comment": "This file maps proto services/RPCs to the corresponding library clients/methods.",
  "language": "go",
  "protoPackage": "google.cloud.gkebackup.v1",
  "libraryPackage": "cloud.google.com/go/gkebackup/apiv1",
  "services": {
    "BackupForGKE": {
      "clients": {
        "grpc": {
          "libraryClient": "BackupForGKEClient",
          "rpcs": {
            "CreateBackup": {
              "methods": [
                "CreateBackup"
              ]
            },
            "CreateBackupPlan": {
              "methods": [
                "CreateBackupPlan"
              ]
            },
            "CreateRestore": {
              "methods": [
                "CreateRestore"
              ]
            },
            "CreateRestorePlan": {
              "methods": [
                "CreateRestorePlan"
              ]
            },
            "DeleteBackup": {
              "methods": [
                "DeleteBackup"
              ]
            },
            "DeleteBackupPlan": {
              "methods": [
                "DeleteBackupPlan"
              ]
            },
            "DeleteRestore": {
              "methods": [
                "DeleteRestore"
              ]
            },
            "DeleteRestorePlan": {
              "methods": [
                "DeleteRestorePlan"
              ]
            },
            "GetBackup": {
              "methods": [
                "GetBackup"
              ]
            },
            "GetBackupPlan": {
              "methods": [
                "GetBackupPlan"
              ]
            },
            "GetRestore": {
              "methods": [
                "GetRestore"
              ]
            },
            "GetRestorePlan": {
              "methods": [
                "GetRestorePlan"
              ]
            },
            "GetVolumeBackup": {
              "methods": [
                "GetVolumeBackup"
              ]
            },
            "GetVolumeRestore": {
              "methods": [
                "GetVolumeRestore"
              ]
            },
            "ListBackupPlans": {
              "methods": [
                "ListBackupPlans"
              ]
            },
            "ListBackups": {
              "methods": [
                "ListBackups"
              ]
            },
            "ListRestorePlans": {
              "methods": [
                "ListRestorePlans"
              ]
            },
            "ListRestores": {
              "methods": [
                "ListRestores"
              ]
            },
            "ListVolumeBackups": {
              "methods": [
                "ListVolumeBackups"
              ]
            },
            "ListVolumeRestores": {
              "methods": [
                "ListVolumeRestores"
              ]
            },
            "UpdateBackup": {
              "methods": [
                "UpdateBackup"
              ]
            },
            "UpdateBackupPlan": {
              "methods": [
                "UpdateBackupPlan"
              ]
            },
            "UpdateRestore": {
              "methods": [
                "UpdateRestore"
              ]
            },
            "UpdateRestorePlan": {
              "methods": [
                "UpdateRestorePlan"
              ]
            }
          }
        }
      }
    }
  }
}
