{
  "schema": "1.0",
  "comment": "This file maps proto services/RPCs to the corresponding library clients/methods.",
  "language": "go",
  "protoPackage": "google.cloud.kms.v1",
  "libraryPackage": "cloud.google.com/go/kms/apiv1",
  "services": {
    "EkmService": {
      "clients": {
        "grpc": {
          "libraryClient": "EkmClient",
          "rpcs": {
            "CreateEkmConnection": {
              "methods": [
                "CreateEkmConnection"
              ]
            },
            "GetEkmConnection": {
              "methods": [
                "GetEkmConnection"
              ]
            },
            "GetIamPolicy": {
              "methods": [
                "GetIamPolicy"
              ]
            },
            "GetLocation": {
              "methods": [
                "GetLocation"
              ]
            },
            "ListEkmConnections": {
              "methods": [
                "ListEkmConnections"
              ]
            },
            "ListLocations": {
              "methods": [
                "ListLocations"
              ]
            },
            "SetIamPolicy": {
              "methods": [
                "SetIamPolicy"
              ]
            },
            "TestIamPermissions": {
              "methods": [
                "TestIamPermissions"
              ]
            },
            "UpdateEkmConnection": {
              "methods": [
                "UpdateEkmConnection"
              ]
            }
          }
        }
      }
    },
    "KeyManagementService": {
      "clients": {
        "grpc": {
          "libraryClient": "KeyManagementClient",
          "rpcs": {
            "AsymmetricDecrypt": {
              "methods": [
                "AsymmetricDecrypt"
              ]
            },
            "AsymmetricSign": {
              "methods": [
                "AsymmetricSign"
              ]
            },
            "CreateCryptoKey": {
              "methods": [
                "CreateCryptoKey"
              ]
            },
            "CreateCryptoKeyVersion": {
              "methods": [
                "CreateCryptoKeyVersion"
              ]
            },
            "CreateImportJob": {
              "methods": [
                "CreateImportJob"
              ]
            },
            "CreateKeyRing": {
              "methods": [
                "CreateKeyRing"
              ]
            },
            "Decrypt": {
              "methods": [
                "Decrypt"
              ]
            },
            "DestroyCryptoKeyVersion": {
              "methods": [
                "DestroyCryptoKeyVersion"
              ]
            },
            "Encrypt": {
              "methods": [
                "Encrypt"
              ]
            },
            "GenerateRandomBytes": {
              "methods": [
                "GenerateRandomBytes"
              ]
            },
            "GetCryptoKey": {
              "methods": [
                "GetCryptoKey"
              ]
            },
            "GetCryptoKeyVersion": {
              "methods": [
                "GetCryptoKeyVersion"
              ]
            },
            "GetIamPolicy": {
              "methods": [
                "GetIamPolicy"
              ]
            },
            "GetImportJob": {
              "methods": [
                "GetImportJob"
              ]
            },
            "GetKeyRing": {
              "methods": [
                "GetKeyRing"
              ]
            },
            "GetLocation": {
              "methods": [
                "GetLocation"
              ]
            },
            "GetPublicKey": {
              "methods": [
                "GetPublicKey"
              ]
            },
            "ImportCryptoKeyVersion": {
              "methods": [
                "ImportCryptoKeyVersion"
              ]
            },
            "ListCryptoKeyVersions": {
              "methods": [
                "ListCryptoKeyVersions"
              ]
            },
            "ListCryptoKeys": {
              "methods": [
                "ListCryptoKeys"
              ]
            },
            "ListImportJobs": {
              "methods": [
                "ListImportJobs"
              ]
            },
            "ListKeyRings": {
              "methods": [
                "ListKeyRings"
              ]
            },
            "ListLocations": {
              "methods": [
                "ListLocations"
              ]
            },
            "MacSign": {
              "methods": [
                "MacSign"
              ]
            },
            "MacVerify": {
              "methods": [
                "MacVerify"
              ]
            },
            "RestoreCryptoKeyVersion": {
              "methods": [
                "RestoreCryptoKeyVersion"
              ]
            },
            "SetIamPolicy": {
              "methods": [
                "SetIamPolicy"
              ]
            },
            "TestIamPermissions": {
              "methods": [
                "TestIamPermissions"
              ]
            },
            "UpdateCryptoKey": {
              "methods": [
                "UpdateCryptoKey"
              ]
            },
            "UpdateCryptoKeyPrimaryVersion": {
              "methods": [
                "UpdateCryptoKeyPrimaryVersion"
              ]
            },
            "UpdateCryptoKeyVersion": {
              "methods": [
                "UpdateCryptoKeyVersion"
              ]
            }
          }
        }
      }
    }
  }
}
