{
  "schema": "1.0",
  "comment": "This file maps proto services/RPCs to the corresponding library clients/methods.",
  "language": "go",
  "protoPackage": "google.cloud.phishingprotection.v1beta1",
  "libraryPackage": "cloud.google.com/go/phishingprotection/apiv1beta1",
  "services": {
    "PhishingProtectionServiceV1Beta1": {
      "clients": {
        "grpc": {
          "libraryClient": "PhishingProtectionServiceV1Beta1Client",
          "rpcs": {
            "ReportPhishing": {
              "methods": [
                "ReportPhishing"
              ]
            }
          }
        },
        "rest": {
          "libraryClient": "PhishingProtectionServiceV1Beta1Client",
          "rpcs": {
            "ReportPhishing": {
              "methods": [
                "ReportPhishing"
              ]
            }
          }
        }
      }
    }
  }
}
