{
  "schema": "1.0",
  "comment": "This file maps proto services/RPCs to the corresponding library clients/methods.",
  "language": "go",
  "protoPackage": "google.cloud.gkehub.v1beta1",
  "libraryPackage": "cloud.google.com/go/gkehub/apiv1beta1",
  "services": {
    "GkeHubMembershipService": {
      "clients": {
        "grpc": {
          "libraryClient": "GkeHubMembershipClient",
          "rpcs": {
            "CancelOperation": {
              "methods": [
                "CancelOperation"
              ]
            },
            "CreateMembership": {
              "methods": [
                "CreateMembership"
              ]
            },
            "DeleteMembership": {
              "methods": [
                "DeleteMembership"
              ]
            },
            "DeleteOperation": {
              "methods": [
                "DeleteOperation"
              ]
            },
            "GenerateConnectManifest": {
              "methods": [
                "GenerateConnectManifest"
              ]
            },
            "GenerateExclusivityManifest": {
              "methods": [
                "GenerateExclusivityManifest"
              ]
            },
            "GetIamPolicy": {
              "methods": [
                "GetIamPolicy"
              ]
            },
            "GetLocation": {
              "methods": [
                "GetLocation"
              ]
            },
            "GetMembership": {
              "methods": [
                "GetMembership"
              ]
            },
            "GetOperation": {
              "methods": [
                "GetOperation"
              ]
            },
            "ListLocations": {
              "methods": [
                "ListLocations"
              ]
            },
            "ListMemberships": {
              "methods": [
                "ListMemberships"
              ]
            },
            "ListOperations": {
              "methods": [
                "ListOperations"
              ]
            },
            "SetIamPolicy": {
              "methods": [
                "SetIamPolicy"
              ]
            },
            "TestIamPermissions": {
              "methods": [
                "TestIamPermissions"
              ]
            },
            "UpdateMembership": {
              "methods": [
                "UpdateMembership"
              ]
            },
            "ValidateExclusivity": {
              "methods": [
                "ValidateExclusivity"
              ]
            }
          }
        },
        "rest": {
          "libraryClient": "GkeHubMembershipClient",
          "rpcs": {
            "CancelOperation": {
              "methods": [
                "CancelOperation"
              ]
            },
            "CreateMembership": {
              "methods": [
                "CreateMembership"
              ]
            },
            "DeleteMembership": {
              "methods": [
                "DeleteMembership"
              ]
            },
            "DeleteOperation": {
              "methods": [
                "DeleteOperation"
              ]
            },
            "GenerateConnectManifest": {
              "methods": [
                "GenerateConnectManifest"
              ]
            },
            "GenerateExclusivityManifest": {
              "methods": [
                "GenerateExclusivityManifest"
              ]
            },
            "GetIamPolicy": {
              "methods": [
                "GetIamPolicy"
              ]
            },
            "GetLocation": {
              "methods": [
                "GetLocation"
              ]
            },
            "GetMembership": {
              "methods": [
                "GetMembership"
              ]
            },
            "GetOperation": {
              "methods": [
                "GetOperation"
              ]
            },
            "ListLocations": {
              "methods": [
                "ListLocations"
              ]
            },
            "ListMemberships": {
              "methods": [
                "ListMemberships"
              ]
            },
            "ListOperations": {
              "methods": [
                "ListOperations"
              ]
            },
            "SetIamPolicy": {
              "methods": [
                "SetIamPolicy"
              ]
            },
            "TestIamPermissions": {
              "methods": [
                "TestIamPermissions"
              ]
            },
            "UpdateMembership": {
              "methods": [
                "UpdateMembership"
              ]
            },
            "ValidateExclusivity": {
              "methods": [
                "ValidateExclusivity"
              ]
            }
          }
        }
      }
    }
  }
}
