{
  "schema": "1.0",
  "comment": "This file maps proto services/RPCs to the corresponding library clients/methods.",
  "language": "go",
  "protoPackage": "google.maps.mapsplatformdatasets.v1alpha",
  "libraryPackage": "cloud.google.com/go/maps/mapsplatformdatasets/apiv1alpha",
  "services": {
    "MapsPlatformDatasetsV1Alpha": {
      "clients": {
        "grpc": {
          "libraryClient": "MapsPlatformDatasetsV1AlphaClient",
          "rpcs": {
            "CreateDataset": {
              "methods": [
                "CreateDataset"
              ]
            },
            "DeleteDataset": {
              "methods": [
                "DeleteDataset"
              ]
            },
            "DeleteDatasetVersion": {
              "methods": [
                "DeleteDatasetVersion"
              ]
            },
            "GetDataset": {
              "methods": [
                "GetDataset"
              ]
            },
            "ListDatasetVersions": {
              "methods": [
                "ListDatasetVersions"
              ]
            },
            "ListDatasets": {
              "methods": [
                "ListDatasets"
              ]
            },
            "UpdateDatasetMetadata": {
              "methods": [
                "UpdateDatasetMetadata"
              ]
            }
          }
        },
        "rest": {
          "libraryClient": "MapsPlatformDatasetsV1AlphaClient",
          "rpcs": {
            "CreateDataset": {
              "methods": [
                "CreateDataset"
              ]
            },
            "DeleteDataset": {
              "methods": [
                "DeleteDataset"
              ]
            },
            "DeleteDatasetVersion": {
              "methods": [
                "DeleteDatasetVersion"
              ]
            },
            "GetDataset": {
              "methods": [
                "GetDataset"
              ]
            },
            "ListDatasetVersions": {
              "methods": [
                "ListDatasetVersions"
              ]
            },
            "ListDatasets": {
              "methods": [
                "ListDatasets"
              ]
            },
            "UpdateDatasetMetadata": {
              "methods": [
                "UpdateDatasetMetadata"
              ]
            }
          }
        }
      }
    }
  }
}
