{
  "schema": "1.0",
  "comment": "This file maps proto services/RPCs to the corresponding library clients/methods.",
  "language": "go",
  "protoPackage": "google.cloud.video.livestream.v1",
  "libraryPackage": "cloud.google.com/go/video/livestream/apiv1",
  "services": {
    "LivestreamService": {
      "clients": {
        "grpc": {
          "libraryClient": "Client",
          "rpcs": {
            "CancelOperation": {
              "methods": [
                "CancelOperation"
              ]
            },
            "CreateChannel": {
              "methods": [
                "CreateChannel"
              ]
            },
            "CreateEvent": {
              "methods": [
                "CreateEvent"
              ]
            },
            "CreateInput": {
              "methods": [
                "CreateInput"
              ]
            },
            "DeleteChannel": {
              "methods": [
                "DeleteChannel"
              ]
            },
            "DeleteEvent": {
              "methods": [
                "DeleteEvent"
              ]
            },
            "DeleteInput": {
              "methods": [
                "DeleteInput"
              ]
            },
            "DeleteOperation": {
              "methods": [
                "DeleteOperation"
              ]
            },
            "GetChannel": {
              "methods": [
                "GetChannel"
              ]
            },
            "GetEvent": {
              "methods": [
                "GetEvent"
              ]
            },
            "GetInput": {
              "methods": [
                "GetInput"
              ]
            },
            "GetLocation": {
              "methods": [
                "GetLocation"
              ]
            },
            "GetOperation": {
              "methods": [
                "GetOperation"
              ]
            },
            "ListChannels": {
              "methods": [
                "ListChannels"
              ]
            },
            "ListEvents": {
              "methods": [
                "ListEvents"
              ]
            },
            "ListInputs": {
              "methods": [
                "ListInputs"
              ]
            },
            "ListLocations": {
              "methods": [
                "ListLocations"
              ]
            },
            "ListOperations": {
              "methods": [
                "ListOperations"
              ]
            },
            "StartChannel": {
              "methods": [
                "StartChannel"
              ]
            },
            "StopChannel": {
              "methods": [
                "StopChannel"
              ]
            },
            "UpdateChannel": {
              "methods": [
                "UpdateChannel"
              ]
            },
            "UpdateInput": {
              "methods": [
                "UpdateInput"
              ]
            }
          }
        },
        "rest": {
          "libraryClient": "Client",
          "rpcs": {
            "CancelOperation": {
              "methods": [
                "CancelOperation"
              ]
            },
            "CreateChannel": {
              "methods": [
                "CreateChannel"
              ]
            },
            "CreateEvent": {
              "methods": [
                "CreateEvent"
              ]
            },
            "CreateInput": {
              "methods": [
                "CreateInput"
              ]
            },
            "DeleteChannel": {
              "methods": [
                "DeleteChannel"
              ]
            },
            "DeleteEvent": {
              "methods": [
                "DeleteEvent"
              ]
            },
            "DeleteInput": {
              "methods": [
                "DeleteInput"
              ]
            },
            "DeleteOperation": {
              "methods": [
                "DeleteOperation"
              ]
            },
            "GetChannel": {
              "methods": [
                "GetChannel"
              ]
            },
            "GetEvent": {
              "methods": [
                "GetEvent"
              ]
            },
            "GetInput": {
              "methods": [
                "GetInput"
              ]
            },
            "GetLocation": {
              "methods": [
                "GetLocation"
              ]
            },
            "GetOperation": {
              "methods": [
                "GetOperation"
              ]
            },
            "ListChannels": {
              "methods": [
                "ListChannels"
              ]
            },
            "ListEvents": {
              "methods": [
                "ListEvents"
              ]
            },
            "ListInputs": {
              "methods": [
                "ListInputs"
              ]
            },
            "ListLocations": {
              "methods": [
                "ListLocations"
              ]
            },
            "ListOperations": {
              "methods": [
                "ListOperations"
              ]
            },
            "StartChannel": {
              "methods": [
                "StartChannel"
              ]
            },
            "StopChannel": {
              "methods": [
                "StopChannel"
              ]
            },
            "UpdateChannel": {
              "methods": [
                "UpdateChannel"
              ]
            },
            "UpdateInput": {
              "methods": [
                "UpdateInput"
              ]
            }
          }
        }
      }
    }
  }
}
