{
  "accessapproval": "1.3.0",
  "accesscontextmanager": "1.2.0",
  "aiplatform": "1.17.0",
  "analytics": "0.9.0",
  "apigateway": "1.2.0",
  "apigeeconnect": "1.2.0",
  "apigeeregistry": "0.2.0",
  "apikeys": "0.1.0",
  "appengine": "1.3.0",
  "area120": "0.4.0",
  "artifactregistry": "1.4.0",
  "asset": "1.4.0",
  "assuredworkloads": "1.2.0",
  "automl": "1.4.0",
  "baremetalsolution": "0.2.0",
  "batch": "0.1.0",
  "beyondcorp": "0.1.0",
  "billing": "1.2.0",
  "binaryauthorization": "1.0.0",
  "certificatemanager": "0.2.1",
  "channel": "1.7.0",
  "cloudbuild": "1.2.0",
  "clouddms": "1.2.0",
  "cloudtasks": "1.4.0",
  "compute": "1.9.0",
  "contactcenterinsights": "1.2.3",
  "container": "1.3.1",
  "containeranalysis": "0.4.0",
  "datacatalog": "1.3.1",
  "dataflow": "0.5.1",
  "dataform": "0.2.0",
  "datafusion": "1.3.0",
  "datalabeling": "0.3.0",
  "dataplex": "1.1.0",
  "dataproc": "1.5.0",
  "dataqna": "0.4.0",
  "datastream": "1.0.0",
  "deploy": "1.2.1",
  "dialogflow": "1.12.1",
  "dlp": "1.4.0",
  "documentai": "1.5.0",
  "domains": "0.5.0",
  "essentialcontacts": "1.2.0",
  "eventarc": "1.6.0",
  "filestore": "1.2.0",
  "functions": "1.5.0",
  "gaming": "1.3.1",
  "gkebackup": "0.1.0",
  "gkeconnect": "0.3.0",
  "gkehub": "0.8.0",
  "gkemulticloud": "0.2.0",
  "grafeas": "0.2.0",
  "gsuiteaddons": "1.2.0",
  "iam": "0.3.0",
  "iap": "1.3.0",
  "ids": "1.0.0",
  "iot": "1.2.0",
  "kms": "1.4.0",
  "language": "1.3.0",
  "lifesciences": "0.4.0",
  "managedidentities": "1.2.0",
  "mediatranslation": "0.3.0",
  "memcache": "1.3.0",
  "metastore": "1.3.0",
  "monitoring": "1.6.0",
  "networkconnectivity": "1.2.0",
  "networkmanagement": "1.3.0",
  "networksecurity": "0.3.1",
  "notebooks": "1.0.0",
  "optimization": "1.0.0",
  "orchestration": "1.2.0",
  "orgpolicy": "1.3.0",
  "osconfig": "1.6.0",
  "oslogin": "1.3.0",
  "phishingprotection": "0.4.0",
  "policytroubleshooter": "1.2.0",
  "privatecatalog": "0.4.0",
  "recaptchaenterprise/v2": "2.0.1",
  "recommendationengine": "0.3.0",
  "recommender": "1.4.0",
  "redis": "1.6.0",
  "resourcemanager": "1.2.0",
  "resourcesettings": "1.2.0",
  "retail": "1.5.0",
  "run": "0.1.1",
  "scheduler": "1.3.0",
  "secretmanager": "1.5.0",
  "security": "1.4.1",
  "securitycenter": "1.10.0",
  "servicecontrol": "1.3.0",
  "servicedirectory": "1.3.0",
  "servicemanagement": "1.3.1",
  "serviceusage": "1.2.0",
  "shell": "1.2.0",
  "speech": "1.5.0",
  "storagetransfer": "1.3.0",
  "talent": "1.0.0",
  "texttospeech": "1.3.0",
  "tpu": "1.2.0",
  "trace": "1.2.0",
  "translate": "1.2.0",
  "video": "1.7.0",
  "videointelligence": "1.4.0",
  "vision/v2": "2.1.0",
  "vmmigration": "1.1.0",
  "vpcaccess": "1.2.0",
  "webrisk": "1.3.0",
  "websecurityscanner": "1.2.0",
  "workflows": "1.5.0"
}
