{
  "schema": "1.0",
  "comment": "This file maps proto services/RPCs to the corresponding library clients/methods.",
  "language": "go",
  "protoPackage": "google.cloud.vmmigration.v1",
  "libraryPackage": "cloud.google.com/go/vmmigration/apiv1",
  "services": {
    "VmMigration": {
      "clients": {
        "grpc": {
          "libraryClient": "Client",
          "rpcs": {
            "AddGroupMigration": {
              "methods": [
                "AddGroupMigration"
              ]
            },
            "CancelCloneJob": {
              "methods": [
                "CancelCloneJob"
              ]
            },
            "CancelCutoverJob": {
              "methods": [
                "CancelCutoverJob"
              ]
            },
            "CreateCloneJob": {
              "methods": [
                "CreateCloneJob"
              ]
            },
            "CreateCutoverJob": {
              "methods": [
                "CreateCutoverJob"
              ]
            },
            "CreateDatacenterConnector": {
              "methods": [
                "CreateDatacenterConnector"
              ]
            },
            "CreateGroup": {
              "methods": [
                "CreateGroup"
              ]
            },
            "CreateMigratingVm": {
              "methods": [
                "CreateMigratingVm"
              ]
            },
            "CreateSource": {
              "methods": [
                "CreateSource"
              ]
            },
            "CreateTargetProject": {
              "methods": [
                "CreateTargetProject"
              ]
            },
            "CreateUtilizationReport": {
              "methods": [
                "CreateUtilizationReport"
              ]
            },
            "DeleteDatacenterConnector": {
              "methods": [
                "DeleteDatacenterConnector"
              ]
            },
            "DeleteGroup": {
              "methods": [
                "DeleteGroup"
              ]
            },
            "DeleteMigratingVm": {
              "methods": [
                "DeleteMigratingVm"
              ]
            },
            "DeleteSource": {
              "methods": [
                "DeleteSource"
              ]
            },
            "DeleteTargetProject": {
              "methods": [
                "DeleteTargetProject"
              ]
            },
            "DeleteUtilizationReport": {
              "methods": [
                "DeleteUtilizationReport"
              ]
            },
            "FetchInventory": {
              "methods": [
                "FetchInventory"
              ]
            },
            "FinalizeMigration": {
              "methods": [
                "FinalizeMigration"
              ]
            },
            "GetCloneJob": {
              "methods": [
                "GetCloneJob"
              ]
            },
            "GetCutoverJob": {
              "methods": [
                "GetCutoverJob"
              ]
            },
            "GetDatacenterConnector": {
              "methods": [
                "GetDatacenterConnector"
              ]
            },
            "GetGroup": {
              "methods": [
                "GetGroup"
              ]
            },
            "GetMigratingVm": {
              "methods": [
                "GetMigratingVm"
              ]
            },
            "GetSource": {
              "methods": [
                "GetSource"
              ]
            },
            "GetTargetProject": {
              "methods": [
                "GetTargetProject"
              ]
            },
            "GetUtilizationReport": {
              "methods": [
                "GetUtilizationReport"
              ]
            },
            "ListCloneJobs": {
              "methods": [
                "ListCloneJobs"
              ]
            },
            "ListCutoverJobs": {
              "methods": [
                "ListCutoverJobs"
              ]
            },
            "ListDatacenterConnectors": {
              "methods": [
                "ListDatacenterConnectors"
              ]
            },
            "ListGroups": {
              "methods": [
                "ListGroups"
              ]
            },
            "ListMigratingVms": {
              "methods": [
                "ListMigratingVms"
              ]
            },
            "ListSources": {
              "methods": [
                "ListSources"
              ]
            },
            "ListTargetProjects": {
              "methods": [
                "ListTargetProjects"
              ]
            },
            "ListUtilizationReports": {
              "methods": [
                "ListUtilizationReports"
              ]
            },
            "PauseMigration": {
              "methods": [
                "PauseMigration"
              ]
            },
            "RemoveGroupMigration": {
              "methods": [
                "RemoveGroupMigration"
              ]
            },
            "ResumeMigration": {
              "methods": [
                "ResumeMigration"
              ]
            },
            "StartMigration": {
              "methods": [
                "StartMigration"
              ]
            },
            "UpdateGroup": {
              "methods": [
                "UpdateGroup"
              ]
            },
            "UpdateMigratingVm": {
              "methods": [
                "UpdateMigratingVm"
              ]
            },
            "UpdateSource": {
              "methods": [
                "UpdateSource"
              ]
            },
            "UpdateTargetProject": {
              "methods": [
                "UpdateTargetProject"
              ]
            },
            "UpgradeAppliance": {
              "methods": [
                "UpgradeAppliance"
              ]
            }
          }
        }
      }
    }
  }
}
