{
  "schema": "1.0",
  "comment": "This file maps proto services/RPCs to the corresponding library clients/methods.",
  "language": "go",
  "protoPackage": "google.cloud.beyondcorp.appconnectors.v1",
  "libraryPackage": "cloud.google.com/go/beyondcorp/appconnectors/apiv1",
  "services": {
    "AppConnectorsService": {
      "clients": {
        "grpc": {
          "libraryClient": "Client",
          "rpcs": {
            "CancelOperation": {
              "methods": [
                "CancelOperation"
              ]
            },
            "CreateAppConnector": {
              "methods": [
                "CreateAppConnector"
              ]
            },
            "DeleteAppConnector": {
              "methods": [
                "DeleteAppConnector"
              ]
            },
            "DeleteOperation": {
              "methods": [
                "DeleteOperation"
              ]
            },
            "GetAppConnector": {
              "methods": [
                "GetAppConnector"
              ]
            },
            "GetIamPolicy": {
              "methods": [
                "GetIamPolicy"
              ]
            },
            "GetLocation": {
              "methods": [
                "GetLocation"
              ]
            },
            "GetOperation": {
              "methods": [
                "GetOperation"
              ]
            },
            "ListAppConnectors": {
              "methods": [
                "ListAppConnectors"
              ]
            },
            "ListLocations": {
              "methods": [
                "ListLocations"
              ]
            },
            "ListOperations": {
              "methods": [
                "ListOperations"
              ]
            },
            "ReportStatus": {
              "methods": [
                "ReportStatus"
              ]
            },
            "SetIamPolicy": {
              "methods": [
                "SetIamPolicy"
              ]
            },
            "TestIamPermissions": {
              "methods": [
                "TestIamPermissions"
              ]
            },
            "UpdateAppConnector": {
              "methods": [
                "UpdateAppConnector"
              ]
            }
          }
        }
      }
    }
  }
}
