{
  "schema": "1.0",
  "comment": "This file maps proto services/RPCs to the corresponding library clients/methods.",
  "language": "go",
  "protoPackage": "google.analytics.admin.v1alpha",
  "libraryPackage": "cloud.google.com/go/analytics/admin/apiv1alpha",
  "services": {
    "AnalyticsAdminService": {
      "clients": {
        "grpc": {
          "libraryClient": "AnalyticsAdminClient",
          "rpcs": {
            "AcknowledgeUserDataCollection": {
              "methods": [
                "AcknowledgeUserDataCollection"
              ]
            },
            "ApproveDisplayVideo360AdvertiserLinkProposal": {
              "methods": [
                "ApproveDisplayVideo360AdvertiserLinkProposal"
              ]
            },
            "ArchiveAudience": {
              "methods": [
                "ArchiveAudience"
              ]
            },
            "ArchiveCustomDimension": {
              "methods": [
                "ArchiveCustomDimension"
              ]
            },
            "ArchiveCustomMetric": {
              "methods": [
                "ArchiveCustomMetric"
              ]
            },
            "AuditUserLinks": {
              "methods": [
                "AuditUserLinks"
              ]
            },
            "BatchCreateAccessBindings": {
              "methods": [
                "BatchCreateAccessBindings"
              ]
            },
            "BatchCreateUserLinks": {
              "methods": [
                "BatchCreateUserLinks"
              ]
            },
            "BatchDeleteAccessBindings": {
              "methods": [
                "BatchDeleteAccessBindings"
              ]
            },
            "BatchDeleteUserLinks": {
              "methods": [
                "BatchDeleteUserLinks"
              ]
            },
            "BatchGetAccessBindings": {
              "methods": [
                "BatchGetAccessBindings"
              ]
            },
            "BatchGetUserLinks": {
              "methods": [
                "BatchGetUserLinks"
              ]
            },
            "BatchUpdateAccessBindings": {
              "methods": [
                "BatchUpdateAccessBindings"
              ]
            },
            "BatchUpdateUserLinks": {
              "methods": [
                "BatchUpdateUserLinks"
              ]
            },
            "CancelDisplayVideo360AdvertiserLinkProposal": {
              "methods": [
                "CancelDisplayVideo360AdvertiserLinkProposal"
              ]
            },
            "CreateAccessBinding": {
              "methods": [
                "CreateAccessBinding"
              ]
            },
            "CreateAudience": {
              "methods": [
                "CreateAudience"
              ]
            },
            "CreateConnectedSiteTag": {
              "methods": [
                "CreateConnectedSiteTag"
              ]
            },
            "CreateConversionEvent": {
              "methods": [
                "CreateConversionEvent"
              ]
            },
            "CreateCustomDimension": {
              "methods": [
                "CreateCustomDimension"
              ]
            },
            "CreateCustomMetric": {
              "methods": [
                "CreateCustomMetric"
              ]
            },
            "CreateDataStream": {
              "methods": [
                "CreateDataStream"
              ]
            },
            "CreateDisplayVideo360AdvertiserLink": {
              "methods": [
                "CreateDisplayVideo360AdvertiserLink"
              ]
            },
            "CreateDisplayVideo360AdvertiserLinkProposal": {
              "methods": [
                "CreateDisplayVideo360AdvertiserLinkProposal"
              ]
            },
            "CreateExpandedDataSet": {
              "methods": [
                "CreateExpandedDataSet"
              ]
            },
            "CreateFirebaseLink": {
              "methods": [
                "CreateFirebaseLink"
              ]
            },
            "CreateGoogleAdsLink": {
              "methods": [
                "CreateGoogleAdsLink"
              ]
            },
            "CreateMeasurementProtocolSecret": {
              "methods": [
                "CreateMeasurementProtocolSecret"
              ]
            },
            "CreateProperty": {
              "methods": [
                "CreateProperty"
              ]
            },
            "CreateSearchAds360Link": {
              "methods": [
                "CreateSearchAds360Link"
              ]
            },
            "CreateUserLink": {
              "methods": [
                "CreateUserLink"
              ]
            },
            "DeleteAccessBinding": {
              "methods": [
                "DeleteAccessBinding"
              ]
            },
            "DeleteAccount": {
              "methods": [
                "DeleteAccount"
              ]
            },
            "DeleteConnectedSiteTag": {
              "methods": [
                "DeleteConnectedSiteTag"
              ]
            },
            "DeleteConversionEvent": {
              "methods": [
                "DeleteConversionEvent"
              ]
            },
            "DeleteDataStream": {
              "methods": [
                "DeleteDataStream"
              ]
            },
            "DeleteDisplayVideo360AdvertiserLink": {
              "methods": [
                "DeleteDisplayVideo360AdvertiserLink"
              ]
            },
            "DeleteDisplayVideo360AdvertiserLinkProposal": {
              "methods": [
                "DeleteDisplayVideo360AdvertiserLinkProposal"
              ]
            },
            "DeleteExpandedDataSet": {
              "methods": [
                "DeleteExpandedDataSet"
              ]
            },
            "DeleteFirebaseLink": {
              "methods": [
                "DeleteFirebaseLink"
              ]
            },
            "DeleteGoogleAdsLink": {
              "methods": [
                "DeleteGoogleAdsLink"
              ]
            },
            "DeleteMeasurementProtocolSecret": {
              "methods": [
                "DeleteMeasurementProtocolSecret"
              ]
            },
            "DeleteProperty": {
              "methods": [
                "DeleteProperty"
              ]
            },
            "DeleteSearchAds360Link": {
              "methods": [
                "DeleteSearchAds360Link"
              ]
            },
            "DeleteUserLink": {
              "methods": [
                "DeleteUserLink"
              ]
            },
            "FetchAutomatedGa4ConfigurationOptOut": {
              "methods": [
                "FetchAutomatedGa4ConfigurationOptOut"
              ]
            },
            "GetAccessBinding": {
              "methods": [
                "GetAccessBinding"
              ]
            },
            "GetAccount": {
              "methods": [
                "GetAccount"
              ]
            },
            "GetAttributionSettings": {
              "methods": [
                "GetAttributionSettings"
              ]
            },
            "GetAudience": {
              "methods": [
                "GetAudience"
              ]
            },
            "GetBigQueryLink": {
              "methods": [
                "GetBigQueryLink"
              ]
            },
            "GetConversionEvent": {
              "methods": [
                "GetConversionEvent"
              ]
            },
            "GetCustomDimension": {
              "methods": [
                "GetCustomDimension"
              ]
            },
            "GetCustomMetric": {
              "methods": [
                "GetCustomMetric"
              ]
            },
            "GetDataRetentionSettings": {
              "methods": [
                "GetDataRetentionSettings"
              ]
            },
            "GetDataSharingSettings": {
              "methods": [
                "GetDataSharingSettings"
              ]
            },
            "GetDataStream": {
              "methods": [
                "GetDataStream"
              ]
            },
            "GetDisplayVideo360AdvertiserLink": {
              "methods": [
                "GetDisplayVideo360AdvertiserLink"
              ]
            },
            "GetDisplayVideo360AdvertiserLinkProposal": {
              "methods": [
                "GetDisplayVideo360AdvertiserLinkProposal"
              ]
            },
            "GetEnhancedMeasurementSettings": {
              "methods": [
                "GetEnhancedMeasurementSettings"
              ]
            },
            "GetExpandedDataSet": {
              "methods": [
                "GetExpandedDataSet"
              ]
            },
            "GetGlobalSiteTag": {
              "methods": [
                "GetGlobalSiteTag"
              ]
            },
            "GetGoogleSignalsSettings": {
              "methods": [
                "GetGoogleSignalsSettings"
              ]
            },
            "GetMeasurementProtocolSecret": {
              "methods": [
                "GetMeasurementProtocolSecret"
              ]
            },
            "GetProperty": {
              "methods": [
                "GetProperty"
              ]
            },
            "GetSearchAds360Link": {
              "methods": [
                "GetSearchAds360Link"
              ]
            },
            "GetUserLink": {
              "methods": [
                "GetUserLink"
              ]
            },
            "ListAccessBindings": {
              "methods": [
                "ListAccessBindings"
              ]
            },
            "ListAccountSummaries": {
              "methods": [
                "ListAccountSummaries"
              ]
            },
            "ListAccounts": {
              "methods": [
                "ListAccounts"
              ]
            },
            "ListAudiences": {
              "methods": [
                "ListAudiences"
              ]
            },
            "ListBigQueryLinks": {
              "methods": [
                "ListBigQueryLinks"
              ]
            },
            "ListConnectedSiteTags": {
              "methods": [
                "ListConnectedSiteTags"
              ]
            },
            "ListConversionEvents": {
              "methods": [
                "ListConversionEvents"
              ]
            },
            "ListCustomDimensions": {
              "methods": [
                "ListCustomDimensions"
              ]
            },
            "ListCustomMetrics": {
              "methods": [
                "ListCustomMetrics"
              ]
            },
            "ListDataStreams": {
              "methods": [
                "ListDataStreams"
              ]
            },
            "ListDisplayVideo360AdvertiserLinkProposals": {
              "methods": [
                "ListDisplayVideo360AdvertiserLinkProposals"
              ]
            },
            "ListDisplayVideo360AdvertiserLinks": {
              "methods": [
                "ListDisplayVideo360AdvertiserLinks"
              ]
            },
            "ListExpandedDataSets": {
              "methods": [
                "ListExpandedDataSets"
              ]
            },
            "ListFirebaseLinks": {
              "methods": [
                "ListFirebaseLinks"
              ]
            },
            "ListGoogleAdsLinks": {
              "methods": [
                "ListGoogleAdsLinks"
              ]
            },
            "ListMeasurementProtocolSecrets": {
              "methods": [
                "ListMeasurementProtocolSecrets"
              ]
            },
            "ListProperties": {
              "methods": [
                "ListProperties"
              ]
            },
            "ListSearchAds360Links": {
              "methods": [
                "ListSearchAds360Links"
              ]
            },
            "ListUserLinks": {
              "methods": [
                "ListUserLinks"
              ]
            },
            "ProvisionAccountTicket": {
              "methods": [
                "ProvisionAccountTicket"
              ]
            },
            "RunAccessReport": {
              "methods": [
                "RunAccessReport"
              ]
            },
            "SearchChangeHistoryEvents": {
              "methods": [
                "SearchChangeHistoryEvents"
              ]
            },
            "SetAutomatedGa4ConfigurationOptOut": {
              "methods": [
                "SetAutomatedGa4ConfigurationOptOut"
              ]
            },
            "UpdateAccessBinding": {
              "methods": [
                "UpdateAccessBinding"
              ]
            },
            "UpdateAccount": {
              "methods": [
                "UpdateAccount"
              ]
            },
            "UpdateAttributionSettings": {
              "methods": [
                "UpdateAttributionSettings"
              ]
            },
            "UpdateAudience": {
              "methods": [
                "UpdateAudience"
              ]
            },
            "UpdateCustomDimension": {
              "methods": [
                "UpdateCustomDimension"
              ]
            },
            "UpdateCustomMetric": {
              "methods": [
                "UpdateCustomMetric"
              ]
            },
            "UpdateDataRetentionSettings": {
              "methods": [
                "UpdateDataRetentionSettings"
              ]
            },
            "UpdateDataStream": {
              "methods": [
                "UpdateDataStream"
              ]
            },
            "UpdateDisplayVideo360AdvertiserLink": {
              "methods": [
                "UpdateDisplayVideo360AdvertiserLink"
              ]
            },
            "UpdateEnhancedMeasurementSettings": {
              "methods": [
                "UpdateEnhancedMeasurementSettings"
              ]
            },
            "UpdateExpandedDataSet": {
              "methods": [
                "UpdateExpandedDataSet"
              ]
            },
            "UpdateGoogleAdsLink": {
              "methods": [
                "UpdateGoogleAdsLink"
              ]
            },
            "UpdateGoogleSignalsSettings": {
              "methods": [
                "UpdateGoogleSignalsSettings"
              ]
            },
            "UpdateMeasurementProtocolSecret": {
              "methods": [
                "UpdateMeasurementProtocolSecret"
              ]
            },
            "UpdateProperty": {
              "methods": [
                "UpdateProperty"
              ]
            },
            "UpdateSearchAds360Link": {
              "methods": [
                "UpdateSearchAds360Link"
              ]
            },
            "UpdateUserLink": {
              "methods": [
                "UpdateUserLink"
              ]
            }
          }
        },
        "rest": {
          "libraryClient": "AnalyticsAdminClient",
          "rpcs": {
            "AcknowledgeUserDataCollection": {
              "methods": [
                "AcknowledgeUserDataCollection"
              ]
            },
            "ApproveDisplayVideo360AdvertiserLinkProposal": {
              "methods": [
                "ApproveDisplayVideo360AdvertiserLinkProposal"
              ]
            },
            "ArchiveAudience": {
              "methods": [
                "ArchiveAudience"
              ]
            },
            "ArchiveCustomDimension": {
              "methods": [
                "ArchiveCustomDimension"
              ]
            },
            "ArchiveCustomMetric": {
              "methods": [
                "ArchiveCustomMetric"
              ]
            },
            "AuditUserLinks": {
              "methods": [
                "AuditUserLinks"
              ]
            },
            "BatchCreateAccessBindings": {
              "methods": [
                "BatchCreateAccessBindings"
              ]
            },
            "BatchCreateUserLinks": {
              "methods": [
                "BatchCreateUserLinks"
              ]
            },
            "BatchDeleteAccessBindings": {
              "methods": [
                "BatchDeleteAccessBindings"
              ]
            },
            "BatchDeleteUserLinks": {
              "methods": [
                "BatchDeleteUserLinks"
              ]
            },
            "BatchGetAccessBindings": {
              "methods": [
                "BatchGetAccessBindings"
              ]
            },
            "BatchGetUserLinks": {
              "methods": [
                "BatchGetUserLinks"
              ]
            },
            "BatchUpdateAccessBindings": {
              "methods": [
                "BatchUpdateAccessBindings"
              ]
            },
            "BatchUpdateUserLinks": {
              "methods": [
                "BatchUpdateUserLinks"
              ]
            },
            "CancelDisplayVideo360AdvertiserLinkProposal": {
              "methods": [
                "CancelDisplayVideo360AdvertiserLinkProposal"
              ]
            },
            "CreateAccessBinding": {
              "methods": [
                "CreateAccessBinding"
              ]
            },
            "CreateAudience": {
              "methods": [
                "CreateAudience"
              ]
            },
            "CreateConnectedSiteTag": {
              "methods": [
                "CreateConnectedSiteTag"
              ]
            },
            "CreateConversionEvent": {
              "methods": [
                "CreateConversionEvent"
              ]
            },
            "CreateCustomDimension": {
              "methods": [
                "CreateCustomDimension"
              ]
            },
            "CreateCustomMetric": {
              "methods": [
                "CreateCustomMetric"
              ]
            },
            "CreateDataStream": {
              "methods": [
                "CreateDataStream"
              ]
            },
            "CreateDisplayVideo360AdvertiserLink": {
              "methods": [
                "CreateDisplayVideo360AdvertiserLink"
              ]
            },
            "CreateDisplayVideo360AdvertiserLinkProposal": {
              "methods": [
                "CreateDisplayVideo360AdvertiserLinkProposal"
              ]
            },
            "CreateExpandedDataSet": {
              "methods": [
                "CreateExpandedDataSet"
              ]
            },
            "CreateFirebaseLink": {
              "methods": [
                "CreateFirebaseLink"
              ]
            },
            "CreateGoogleAdsLink": {
              "methods": [
                "CreateGoogleAdsLink"
              ]
            },
            "CreateMeasurementProtocolSecret": {
              "methods": [
                "CreateMeasurementProtocolSecret"
              ]
            },
            "CreateProperty": {
              "methods": [
                "CreateProperty"
              ]
            },
            "CreateSearchAds360Link": {
              "methods": [
                "CreateSearchAds360Link"
              ]
            },
            "CreateUserLink": {
              "methods": [
                "CreateUserLink"
              ]
            },
            "DeleteAccessBinding": {
              "methods": [
                "DeleteAccessBinding"
              ]
            },
            "DeleteAccount": {
              "methods": [
                "DeleteAccount"
              ]
            },
            "DeleteConnectedSiteTag": {
              "methods": [
                "DeleteConnectedSiteTag"
              ]
            },
            "DeleteConversionEvent": {
              "methods": [
                "DeleteConversionEvent"
              ]
            },
            "DeleteDataStream": {
              "methods": [
                "DeleteDataStream"
              ]
            },
            "DeleteDisplayVideo360AdvertiserLink": {
              "methods": [
                "DeleteDisplayVideo360AdvertiserLink"
              ]
            },
            "DeleteDisplayVideo360AdvertiserLinkProposal": {
              "methods": [
                "DeleteDisplayVideo360AdvertiserLinkProposal"
              ]
            },
            "DeleteExpandedDataSet": {
              "methods": [
                "DeleteExpandedDataSet"
              ]
            },
            "DeleteFirebaseLink": {
              "methods": [
                "DeleteFirebaseLink"
              ]
            },
            "DeleteGoogleAdsLink": {
              "methods": [
                "DeleteGoogleAdsLink"
              ]
            },
            "DeleteMeasurementProtocolSecret": {
              "methods": [
                "DeleteMeasurementProtocolSecret"
              ]
            },
            "DeleteProperty": {
              "methods": [
                "DeleteProperty"
              ]
            },
            "DeleteSearchAds360Link": {
              "methods": [
                "DeleteSearchAds360Link"
              ]
            },
            "DeleteUserLink": {
              "methods": [
                "DeleteUserLink"
              ]
            },
            "FetchAutomatedGa4ConfigurationOptOut": {
              "methods": [
                "FetchAutomatedGa4ConfigurationOptOut"
              ]
            },
            "GetAccessBinding": {
              "methods": [
                "GetAccessBinding"
              ]
            },
            "GetAccount": {
              "methods": [
                "GetAccount"
              ]
            },
            "GetAttributionSettings": {
              "methods": [
                "GetAttributionSettings"
              ]
            },
            "GetAudience": {
              "methods": [
                "GetAudience"
              ]
            },
            "GetBigQueryLink": {
              "methods": [
                "GetBigQueryLink"
              ]
            },
            "GetConversionEvent": {
              "methods": [
                "GetConversionEvent"
              ]
            },
            "GetCustomDimension": {
              "methods": [
                "GetCustomDimension"
              ]
            },
            "GetCustomMetric": {
              "methods": [
                "GetCustomMetric"
              ]
            },
            "GetDataRetentionSettings": {
              "methods": [
                "GetDataRetentionSettings"
              ]
            },
            "GetDataSharingSettings": {
              "methods": [
                "GetDataSharingSettings"
              ]
            },
            "GetDataStream": {
              "methods": [
                "GetDataStream"
              ]
            },
            "GetDisplayVideo360AdvertiserLink": {
              "methods": [
                "GetDisplayVideo360AdvertiserLink"
              ]
            },
            "GetDisplayVideo360AdvertiserLinkProposal": {
              "methods": [
                "GetDisplayVideo360AdvertiserLinkProposal"
              ]
            },
            "GetEnhancedMeasurementSettings": {
              "methods": [
                "GetEnhancedMeasurementSettings"
              ]
            },
            "GetExpandedDataSet": {
              "methods": [
                "GetExpandedDataSet"
              ]
            },
            "GetGlobalSiteTag": {
              "methods": [
                "GetGlobalSiteTag"
              ]
            },
            "GetGoogleSignalsSettings": {
              "methods": [
                "GetGoogleSignalsSettings"
              ]
            },
            "GetMeasurementProtocolSecret": {
              "methods": [
                "GetMeasurementProtocolSecret"
              ]
            },
            "GetProperty": {
              "methods": [
                "GetProperty"
              ]
            },
            "GetSearchAds360Link": {
              "methods": [
                "GetSearchAds360Link"
              ]
            },
            "GetUserLink": {
              "methods": [
                "GetUserLink"
              ]
            },
            "ListAccessBindings": {
              "methods": [
                "ListAccessBindings"
              ]
            },
            "ListAccountSummaries": {
              "methods": [
                "ListAccountSummaries"
              ]
            },
            "ListAccounts": {
              "methods": [
                "ListAccounts"
              ]
            },
            "ListAudiences": {
              "methods": [
                "ListAudiences"
              ]
            },
            "ListBigQueryLinks": {
              "methods": [
                "ListBigQueryLinks"
              ]
            },
            "ListConnectedSiteTags": {
              "methods": [
                "ListConnectedSiteTags"
              ]
            },
            "ListConversionEvents": {
              "methods": [
                "ListConversionEvents"
              ]
            },
            "ListCustomDimensions": {
              "methods": [
                "ListCustomDimensions"
              ]
            },
            "ListCustomMetrics": {
              "methods": [
                "ListCustomMetrics"
              ]
            },
            "ListDataStreams": {
              "methods": [
                "ListDataStreams"
              ]
            },
            "ListDisplayVideo360AdvertiserLinkProposals": {
              "methods": [
                "ListDisplayVideo360AdvertiserLinkProposals"
              ]
            },
            "ListDisplayVideo360AdvertiserLinks": {
              "methods": [
                "ListDisplayVideo360AdvertiserLinks"
              ]
            },
            "ListExpandedDataSets": {
              "methods": [
                "ListExpandedDataSets"
              ]
            },
            "ListFirebaseLinks": {
              "methods": [
                "ListFirebaseLinks"
              ]
            },
            "ListGoogleAdsLinks": {
              "methods": [
                "ListGoogleAdsLinks"
              ]
            },
            "ListMeasurementProtocolSecrets": {
              "methods": [
                "ListMeasurementProtocolSecrets"
              ]
            },
            "ListProperties": {
              "methods": [
                "ListProperties"
              ]
            },
            "ListSearchAds360Links": {
              "methods": [
                "ListSearchAds360Links"
              ]
            },
            "ListUserLinks": {
              "methods": [
                "ListUserLinks"
              ]
            },
            "ProvisionAccountTicket": {
              "methods": [
                "ProvisionAccountTicket"
              ]
            },
            "RunAccessReport": {
              "methods": [
                "RunAccessReport"
              ]
            },
            "SearchChangeHistoryEvents": {
              "methods": [
                "SearchChangeHistoryEvents"
              ]
            },
            "SetAutomatedGa4ConfigurationOptOut": {
              "methods": [
                "SetAutomatedGa4ConfigurationOptOut"
              ]
            },
            "UpdateAccessBinding": {
              "methods": [
                "UpdateAccessBinding"
              ]
            },
            "UpdateAccount": {
              "methods": [
                "UpdateAccount"
              ]
            },
            "UpdateAttributionSettings": {
              "methods": [
                "UpdateAttributionSettings"
              ]
            },
            "UpdateAudience": {
              "methods": [
                "UpdateAudience"
              ]
            },
            "UpdateCustomDimension": {
              "methods": [
                "UpdateCustomDimension"
              ]
            },
            "UpdateCustomMetric": {
              "methods": [
                "UpdateCustomMetric"
              ]
            },
            "UpdateDataRetentionSettings": {
              "methods": [
                "UpdateDataRetentionSettings"
              ]
            },
            "UpdateDataStream": {
              "methods": [
                "UpdateDataStream"
              ]
            },
            "UpdateDisplayVideo360AdvertiserLink": {
              "methods": [
                "UpdateDisplayVideo360AdvertiserLink"
              ]
            },
            "UpdateEnhancedMeasurementSettings": {
              "methods": [
                "UpdateEnhancedMeasurementSettings"
              ]
            },
            "UpdateExpandedDataSet": {
              "methods": [
                "UpdateExpandedDataSet"
              ]
            },
            "UpdateGoogleAdsLink": {
              "methods": [
                "UpdateGoogleAdsLink"
              ]
            },
            "UpdateGoogleSignalsSettings": {
              "methods": [
                "UpdateGoogleSignalsSettings"
              ]
            },
            "UpdateMeasurementProtocolSecret": {
              "methods": [
                "UpdateMeasurementProtocolSecret"
              ]
            },
            "UpdateProperty": {
              "methods": [
                "UpdateProperty"
              ]
            },
            "UpdateSearchAds360Link": {
              "methods": [
                "UpdateSearchAds360Link"
              ]
            },
            "UpdateUserLink": {
              "methods": [
                "UpdateUserLink"
              ]
            }
          }
        }
      }
    }
  }
}
