{
  "schema": "1.0",
  "comment": "This file maps proto services/RPCs to the corresponding library clients/methods.",
  "language": "go",
  "protoPackage": "google.cloud.bigquery.storage.v1beta2",
  "libraryPackage": "cloud.google.com/go/bigquery/storage/apiv1beta2",
  "services": {
    "BigQueryRead": {
      "clients": {
        "grpc": {
          "libraryClient": "BigQueryReadClient",
          "rpcs": {
            "CreateReadSession": {
              "methods": [
                "CreateReadSession"
              ]
            },
            "ReadRows": {
              "methods": [
                "ReadRows"
              ]
            },
            "SplitReadStream": {
              "methods": [
                "SplitReadStream"
              ]
            }
          }
        },
        "rest": {
          "libraryClient": "BigQueryReadClient",
          "rpcs": {
            "CreateReadSession": {
              "methods": [
                "CreateReadSession"
              ]
            },
            "ReadRows": {
              "methods": [
                "ReadRows"
              ]
            },
            "SplitReadStream": {
              "methods": [
                "SplitReadStream"
              ]
            }
          }
        }
      }
    },
    "BigQueryWrite": {
      "clients": {
        "grpc": {
          "libraryClient": "BigQueryWriteClient",
          "rpcs": {
            "AppendRows": {
              "methods": [
                "AppendRows"
              ]
            },
            "BatchCommitWriteStreams": {
              "methods": [
                "BatchCommitWriteStreams"
              ]
            },
            "CreateWriteStream": {
              "methods": [
                "CreateWriteStream"
              ]
            },
            "FinalizeWriteStream": {
              "methods": [
                "FinalizeWriteStream"
              ]
            },
            "FlushRows": {
              "methods": [
                "FlushRows"
              ]
            },
            "GetWriteStream": {
              "methods": [
                "GetWriteStream"
              ]
            }
          }
        },
        "rest": {
          "libraryClient": "BigQueryWriteClient",
          "rpcs": {
            "AppendRows": {
              "methods": [
                "AppendRows"
              ]
            },
            "BatchCommitWriteStreams": {
              "methods": [
                "BatchCommitWriteStreams"
              ]
            },
            "CreateWriteStream": {
              "methods": [
                "CreateWriteStream"
              ]
            },
            "FinalizeWriteStream": {
              "methods": [
                "FinalizeWriteStream"
              ]
            },
            "FlushRows": {
              "methods": [
                "FlushRows"
              ]
            },
            "GetWriteStream": {
              "methods": [
                "GetWriteStream"
              ]
            }
          }
        }
      }
    }
  }
}
