{
  "schema": "1.0",
  "comment": "This file maps proto services/RPCs to the corresponding library clients/methods.",
  "language": "go",
  "protoPackage": "google.cloud.asset.v1",
  "libraryPackage": "cloud.google.com/go/asset/apiv1",
  "services": {
    "AssetService": {
      "clients": {
        "grpc": {
          "libraryClient": "Client",
          "rpcs": {
            "AnalyzeIamPolicy": {
              "methods": [
                "AnalyzeIamPolicy"
              ]
            },
            "AnalyzeIamPolicyLongrunning": {
              "methods": [
                "AnalyzeIamPolicyLongrunning"
              ]
            },
            "AnalyzeMove": {
              "methods": [
                "AnalyzeMove"
              ]
            },
            "BatchGetAssetsHistory": {
              "methods": [
                "BatchGetAssetsHistory"
              ]
            },
            "BatchGetEffectiveIamPolicies": {
              "methods": [
                "BatchGetEffectiveIamPolicies"
              ]
            },
            "CreateFeed": {
              "methods": [
                "CreateFeed"
              ]
            },
            "CreateSavedQuery": {
              "methods": [
                "CreateSavedQuery"
              ]
            },
            "DeleteFeed": {
              "methods": [
                "DeleteFeed"
              ]
            },
            "DeleteSavedQuery": {
              "methods": [
                "DeleteSavedQuery"
              ]
            },
            "ExportAssets": {
              "methods": [
                "ExportAssets"
              ]
            },
            "GetFeed": {
              "methods": [
                "GetFeed"
              ]
            },
            "GetOperation": {
              "methods": [
                "GetOperation"
              ]
            },
            "GetSavedQuery": {
              "methods": [
                "GetSavedQuery"
              ]
            },
            "ListAssets": {
              "methods": [
                "ListAssets"
              ]
            },
            "ListFeeds": {
              "methods": [
                "ListFeeds"
              ]
            },
            "ListSavedQueries": {
              "methods": [
                "ListSavedQueries"
              ]
            },
            "QueryAssets": {
              "methods": [
                "QueryAssets"
              ]
            },
            "SearchAllIamPolicies": {
              "methods": [
                "SearchAllIamPolicies"
              ]
            },
            "SearchAllResources": {
              "methods": [
                "SearchAllResources"
              ]
            },
            "UpdateFeed": {
              "methods": [
                "UpdateFeed"
              ]
            },
            "UpdateSavedQuery": {
              "methods": [
                "UpdateSavedQuery"
              ]
            }
          }
        }
      }
    }
  }
}
