{
  "accessapproval": "1.6.1",
  "accesscontextmanager": "1.7.1",
  "advisorynotifications": "0.2.1",
  "aiplatform": "1.40.1",
  "alloydb": "1.0.1",
  "analytics": "0.19.1",
  "apigateway": "1.5.1",
  "apigeeconnect": "1.5.1",
  "apigeeregistry": "0.6.1",
  "apikeys": "1.0.1",
  "appengine": "1.7.3",
  "area120": "0.7.2",
  "artifactregistry": "1.13.1",
  "asset": "1.13.1",
  "assuredworkloads": "1.10.1",
  "automl": "1.12.1",
  "baremetalsolution": "1.0.1",
  "batch": "1.0.1",
  "beyondcorp": "0.5.1",
  "billing": "1.13.1",
  "binaryauthorization": "1.5.1",
  "certificatemanager": "1.6.1",
  "channel": "1.12.1",
  "cloudbuild": "1.9.1",
  "clouddms": "1.5.1",
  "cloudtasks": "1.10.1",
  "compute": "1.19.2",
  "compute/metadata": "0.2.3",
  "confidentialcomputing": "0.2.1",
  "contactcenterinsights": "1.7.1",
  "container": "1.18.1",
  "containeranalysis": "0.9.2",
  "datacatalog": "1.13.1",
  "dataflow": "0.8.1",
  "dataform": "0.7.1",
  "datafusion": "1.6.1",
  "datalabeling": "0.7.1",
  "dataplex": "1.7.1",
  "dataproc": "2.0.0",
  "dataqna": "0.7.1",
  "datastream": "1.7.1",
  "deploy": "1.8.1",
  "dialogflow": "1.32.1",
  "discoveryengine": "0.3.1",
  "dlp": "1.9.1",
  "documentai": "1.18.1",
  "domains": "0.8.1",
  "edgecontainer": "1.0.1",
  "essentialcontacts": "1.5.1",
  "eventarc": "1.11.1",
  "filestore": "1.6.1",
  "functions": "1.13.1",
  "gaming": "1.9.1",
  "gkebackup": "1.0.1",
  "gkeconnect": "0.7.1",
  "gkehub": "0.13.1",
  "gkemulticloud": "0.5.1",
  "grafeas": "0.2.1",
  "gsuiteaddons": "1.5.1",
  "iam": "1.0.1",
  "iap": "1.7.3",
  "ids": "1.3.1",
  "iot": "1.6.1",
  "kms": "1.10.2",
  "language": "1.9.1",
  "lifesciences": "0.8.1",
  "longrunning": "0.4.2",
  "managedidentities": "1.5.1",
  "maps": "1.0.1",
  "mediatranslation": "0.7.1",
  "memcache": "1.9.1",
  "metastore": "1.10.1",
  "monitoring": "1.13.1",
  "networkconnectivity": "1.11.1",
  "networkmanagement": "1.6.1",
  "networksecurity": "0.8.1",
  "notebooks": "1.8.1",
  "optimization": "1.3.2",
  "orchestration": "1.6.1",
  "orgpolicy": "1.10.1",
  "osconfig": "1.11.1",
  "oslogin": "1.9.1",
  "phishingprotection": "0.7.1",
  "policytroubleshooter": "1.6.1",
  "privatecatalog": "0.8.1",
  "recaptchaenterprise/v2": "2.7.1",
  "recommendationengine": "0.7.1",
  "recommender": "1.9.1",
  "redis": "1.11.1",
  "resourcemanager": "1.8.1",
  "resourcesettings": "1.5.1",
  "retail": "1.13.1",
  "run": "1.0.1",
  "scheduler": "1.9.1",
  "secretmanager": "1.10.1",
  "security": "1.14.1",
  "securitycenter": "1.20.1",
  "servicecontrol": "1.11.2",
  "servicedirectory": "1.9.1",
  "servicemanagement": "1.8.1",
  "serviceusage": "1.6.1",
  "shell": "1.6.1",
  "speech": "1.15.1",
  "storageinsights": "0.1.0",
  "storagetransfer": "1.8.1",
  "support": "0.1.0",
  "talent": "1.5.2",
  "texttospeech": "1.6.1",
  "tpu": "1.5.1",
  "trace": "1.9.1",
  "translate": "1.7.1",
  "video": "1.16.1",
  "videointelligence": "1.10.1",
  "vision/v2": "2.7.1",
  "vmmigration": "1.6.1",
  "vmwareengine": "0.3.1",
  "vpcaccess": "1.6.1",
  "webrisk": "1.8.1",
  "websecurityscanner": "1.5.1",
  "workflows": "1.10.1",
  "workstations": "0.2.1"
}
