{
  "schema": "1.0",
  "comment": "This file maps proto services/RPCs to the corresponding library clients/methods.",
  "language": "go",
  "protoPackage": "google.cloud.optimization.v1",
  "libraryPackage": "cloud.google.com/go/optimization/apiv1",
  "services": {
    "FleetRouting": {
      "clients": {
        "grpc": {
          "libraryClient": "FleetRoutingClient",
          "rpcs": {
            "BatchOptimizeTours": {
              "methods": [
                "BatchOptimizeTours"
              ]
            },
            "OptimizeTours": {
              "methods": [
                "OptimizeTours"
              ]
            }
          }
        }
      }
    }
  }
}
