{
  "schema": "1.0",
  "comment": "This file maps proto services/RPCs to the corresponding library clients/methods.",
  "language": "go",
  "protoPackage": "google.cloud.beyondcorp.clientgateways.v1",
  "libraryPackage": "cloud.google.com/go/beyondcorp/clientgateways/apiv1",
  "services": {
    "ClientGatewaysService": {
      "clients": {
        "grpc": {
          "libraryClient": "Client",
          "rpcs": {
            "CancelOperation": {
              "methods": [
                "CancelOperation"
              ]
            },
            "CreateClientGateway": {
              "methods": [
                "CreateClientGateway"
              ]
            },
            "DeleteClientGateway": {
              "methods": [
                "DeleteClientGateway"
              ]
            },
            "DeleteOperation": {
              "methods": [
                "DeleteOperation"
              ]
            },
            "GetClientGateway": {
              "methods": [
                "GetClientGateway"
              ]
            },
            "GetIamPolicy": {
              "methods": [
                "GetIamPolicy"
              ]
            },
            "GetLocation": {
              "methods": [
                "GetLocation"
              ]
            },
            "GetOperation": {
              "methods": [
                "GetOperation"
              ]
            },
            "ListClientGateways": {
              "methods": [
                "ListClientGateways"
              ]
            },
            "ListLocations": {
              "methods": [
                "ListLocations"
              ]
            },
            "ListOperations": {
              "methods": [
                "ListOperations"
              ]
            },
            "SetIamPolicy": {
              "methods": [
                "SetIamPolicy"
              ]
            },
            "TestIamPermissions": {
              "methods": [
                "TestIamPermissions"
              ]
            }
          }
        }
      }
    }
  }
}
