{
  "schema": "1.0",
  "comment": "This file maps proto services/RPCs to the corresponding library clients/methods.",
  "language": "go",
  "protoPackage": "google.iam.v1",
  "libraryPackage": "cloud.google.com/go/datacatalog/apiv1",
  "services": {
    "DataCatalog": {
      "clients": {
        "grpc": {
          "libraryClient": "Client",
          "rpcs": {
            "CancelOperation": {
              "methods": [
                "CancelOperation"
              ]
            },
            "CreateEntry": {
              "methods": [
                "CreateEntry"
              ]
            },
            "CreateEntryGroup": {
              "methods": [
                "CreateEntryGroup"
              ]
            },
            "CreateTag": {
              "methods": [
                "CreateTag"
              ]
            },
            "CreateTagTemplate": {
              "methods": [
                "CreateTagTemplate"
              ]
            },
            "CreateTagTemplateField": {
              "methods": [
                "CreateTagTemplateField"
              ]
            },
            "DeleteEntry": {
              "methods": [
                "DeleteEntry"
              ]
            },
            "DeleteEntryGroup": {
              "methods": [
                "DeleteEntryGroup"
              ]
            },
            "DeleteOperation": {
              "methods": [
                "DeleteOperation"
              ]
            },
            "DeleteTag": {
              "methods": [
                "DeleteTag"
              ]
            },
            "DeleteTagTemplate": {
              "methods": [
                "DeleteTagTemplate"
              ]
            },
            "DeleteTagTemplateField": {
              "methods": [
                "DeleteTagTemplateField"
              ]
            },
            "GetEntry": {
              "methods": [
                "GetEntry"
              ]
            },
            "GetEntryGroup": {
              "methods": [
                "GetEntryGroup"
              ]
            },
            "GetIamPolicy": {
              "methods": [
                "GetIamPolicy"
              ]
            },
            "GetOperation": {
              "methods": [
                "GetOperation"
              ]
            },
            "GetTagTemplate": {
              "methods": [
                "GetTagTemplate"
              ]
            },
            "ImportEntries": {
              "methods": [
                "ImportEntries"
              ]
            },
            "ListEntries": {
              "methods": [
                "ListEntries"
              ]
            },
            "ListEntryGroups": {
              "methods": [
                "ListEntryGroups"
              ]
            },
            "ListOperations": {
              "methods": [
                "ListOperations"
              ]
            },
            "ListTags": {
              "methods": [
                "ListTags"
              ]
            },
            "LookupEntry": {
              "methods": [
                "LookupEntry"
              ]
            },
            "ModifyEntryContacts": {
              "methods": [
                "ModifyEntryContacts"
              ]
            },
            "ModifyEntryOverview": {
              "methods": [
                "ModifyEntryOverview"
              ]
            },
            "ReconcileTags": {
              "methods": [
                "ReconcileTags"
              ]
            },
            "RenameTagTemplateField": {
              "methods": [
                "RenameTagTemplateField"
              ]
            },
            "RenameTagTemplateFieldEnumValue": {
              "methods": [
                "RenameTagTemplateFieldEnumValue"
              ]
            },
            "SearchCatalog": {
              "methods": [
                "SearchCatalog"
              ]
            },
            "SetIamPolicy": {
              "methods": [
                "SetIamPolicy"
              ]
            },
            "StarEntry": {
              "methods": [
                "StarEntry"
              ]
            },
            "TestIamPermissions": {
              "methods": [
                "TestIamPermissions"
              ]
            },
            "UnstarEntry": {
              "methods": [
                "UnstarEntry"
              ]
            },
            "UpdateEntry": {
              "methods": [
                "UpdateEntry"
              ]
            },
            "UpdateEntryGroup": {
              "methods": [
                "UpdateEntryGroup"
              ]
            },
            "UpdateTag": {
              "methods": [
                "UpdateTag"
              ]
            },
            "UpdateTagTemplate": {
              "methods": [
                "UpdateTagTemplate"
              ]
            },
            "UpdateTagTemplateField": {
              "methods": [
                "UpdateTagTemplateField"
              ]
            }
          }
        },
        "rest": {
          "libraryClient": "Client",
          "rpcs": {
            "CancelOperation": {
              "methods": [
                "CancelOperation"
              ]
            },
            "CreateEntry": {
              "methods": [
                "CreateEntry"
              ]
            },
            "CreateEntryGroup": {
              "methods": [
                "CreateEntryGroup"
              ]
            },
            "CreateTag": {
              "methods": [
                "CreateTag"
              ]
            },
            "CreateTagTemplate": {
              "methods": [
                "CreateTagTemplate"
              ]
            },
            "CreateTagTemplateField": {
              "methods": [
                "CreateTagTemplateField"
              ]
            },
            "DeleteEntry": {
              "methods": [
                "DeleteEntry"
              ]
            },
            "DeleteEntryGroup": {
              "methods": [
                "DeleteEntryGroup"
              ]
            },
            "DeleteOperation": {
              "methods": [
                "DeleteOperation"
              ]
            },
            "DeleteTag": {
              "methods": [
                "DeleteTag"
              ]
            },
            "DeleteTagTemplate": {
              "methods": [
                "DeleteTagTemplate"
              ]
            },
            "DeleteTagTemplateField": {
              "methods": [
                "DeleteTagTemplateField"
              ]
            },
            "GetEntry": {
              "methods": [
                "GetEntry"
              ]
            },
            "GetEntryGroup": {
              "methods": [
                "GetEntryGroup"
              ]
            },
            "GetIamPolicy": {
              "methods": [
                "GetIamPolicy"
              ]
            },
            "GetOperation": {
              "methods": [
                "GetOperation"
              ]
            },
            "GetTagTemplate": {
              "methods": [
                "GetTagTemplate"
              ]
            },
            "ImportEntries": {
              "methods": [
                "ImportEntries"
              ]
            },
            "ListEntries": {
              "methods": [
                "ListEntries"
              ]
            },
            "ListEntryGroups": {
              "methods": [
                "ListEntryGroups"
              ]
            },
            "ListOperations": {
              "methods": [
                "ListOperations"
              ]
            },
            "ListTags": {
              "methods": [
                "ListTags"
              ]
            },
            "LookupEntry": {
              "methods": [
                "LookupEntry"
              ]
            },
            "ModifyEntryContacts": {
              "methods": [
                "ModifyEntryContacts"
              ]
            },
            "ModifyEntryOverview": {
              "methods": [
                "ModifyEntryOverview"
              ]
            },
            "ReconcileTags": {
              "methods": [
                "ReconcileTags"
              ]
            },
            "RenameTagTemplateField": {
              "methods": [
                "RenameTagTemplateField"
              ]
            },
            "RenameTagTemplateFieldEnumValue": {
              "methods": [
                "RenameTagTemplateFieldEnumValue"
              ]
            },
            "SearchCatalog": {
              "methods": [
                "SearchCatalog"
              ]
            },
            "SetIamPolicy": {
              "methods": [
                "SetIamPolicy"
              ]
            },
            "StarEntry": {
              "methods": [
                "StarEntry"
              ]
            },
            "TestIamPermissions": {
              "methods": [
                "TestIamPermissions"
              ]
            },
            "UnstarEntry": {
              "methods": [
                "UnstarEntry"
              ]
            },
            "UpdateEntry": {
              "methods": [
                "UpdateEntry"
              ]
            },
            "UpdateEntryGroup": {
              "methods": [
                "UpdateEntryGroup"
              ]
            },
            "UpdateTag": {
              "methods": [
                "UpdateTag"
              ]
            },
            "UpdateTagTemplate": {
              "methods": [
                "UpdateTagTemplate"
              ]
            },
            "UpdateTagTemplateField": {
              "methods": [
                "UpdateTagTemplateField"
              ]
            }
          }
        }
      }
    },
    "IAMPolicy": {
      "clients": {
        "grpc": {
          "libraryClient": "IamPolicyClient",
          "rpcs": {
            "CancelOperation": {
              "methods": [
                "CancelOperation"
              ]
            },
            "DeleteOperation": {
              "methods": [
                "DeleteOperation"
              ]
            },
            "GetIamPolicy": {
              "methods": [
                "GetIamPolicy"
              ]
            },
            "GetOperation": {
              "methods": [
                "GetOperation"
              ]
            },
            "ListOperations": {
              "methods": [
                "ListOperations"
              ]
            },
            "SetIamPolicy": {
              "methods": [
                "SetIamPolicy"
              ]
            },
            "TestIamPermissions": {
              "methods": [
                "TestIamPermissions"
              ]
            }
          }
        },
        "rest": {
          "libraryClient": "IamPolicyClient",
          "rpcs": {
            "CancelOperation": {
              "methods": [
                "CancelOperation"
              ]
            },
            "DeleteOperation": {
              "methods": [
                "DeleteOperation"
              ]
            },
            "GetIamPolicy": {
              "methods": [
                "GetIamPolicy"
              ]
            },
            "GetOperation": {
              "methods": [
                "GetOperation"
              ]
            },
            "ListOperations": {
              "methods": [
                "ListOperations"
              ]
            },
            "SetIamPolicy": {
              "methods": [
                "SetIamPolicy"
              ]
            },
            "TestIamPermissions": {
              "methods": [
                "TestIamPermissions"
              ]
            }
          }
        }
      }
    },
    "PolicyTagManager": {
      "clients": {
        "grpc": {
          "libraryClient": "PolicyTagManagerClient",
          "rpcs": {
            "CancelOperation": {
              "methods": [
                "CancelOperation"
              ]
            },
            "CreatePolicyTag": {
              "methods": [
                "CreatePolicyTag"
              ]
            },
            "CreateTaxonomy": {
              "methods": [
                "CreateTaxonomy"
              ]
            },
            "DeleteOperation": {
              "methods": [
                "DeleteOperation"
              ]
            },
            "DeletePolicyTag": {
              "methods": [
                "DeletePolicyTag"
              ]
            },
            "DeleteTaxonomy": {
              "methods": [
                "DeleteTaxonomy"
              ]
            },
            "GetIamPolicy": {
              "methods": [
                "GetIamPolicy"
              ]
            },
            "GetOperation": {
              "methods": [
                "GetOperation"
              ]
            },
            "GetPolicyTag": {
              "methods": [
                "GetPolicyTag"
              ]
            },
            "GetTaxonomy": {
              "methods": [
                "GetTaxonomy"
              ]
            },
            "ListOperations": {
              "methods": [
                "ListOperations"
              ]
            },
            "ListPolicyTags": {
              "methods": [
                "ListPolicyTags"
              ]
            },
            "ListTaxonomies": {
              "methods": [
                "ListTaxonomies"
              ]
            },
            "SetIamPolicy": {
              "methods": [
                "SetIamPolicy"
              ]
            },
            "TestIamPermissions": {
              "methods": [
                "TestIamPermissions"
              ]
            },
            "UpdatePolicyTag": {
              "methods": [
                "UpdatePolicyTag"
              ]
            },
            "UpdateTaxonomy": {
              "methods": [
                "UpdateTaxonomy"
              ]
            }
          }
        },
        "rest": {
          "libraryClient": "PolicyTagManagerClient",
          "rpcs": {
            "CancelOperation": {
              "methods": [
                "CancelOperation"
              ]
            },
            "CreatePolicyTag": {
              "methods": [
                "CreatePolicyTag"
              ]
            },
            "CreateTaxonomy": {
              "methods": [
                "CreateTaxonomy"
              ]
            },
            "DeleteOperation": {
              "methods": [
                "DeleteOperation"
              ]
            },
            "DeletePolicyTag": {
              "methods": [
                "DeletePolicyTag"
              ]
            },
            "DeleteTaxonomy": {
              "methods": [
                "DeleteTaxonomy"
              ]
            },
            "GetIamPolicy": {
              "methods": [
                "GetIamPolicy"
              ]
            },
            "GetOperation": {
              "methods": [
                "GetOperation"
              ]
            },
            "GetPolicyTag": {
              "methods": [
                "GetPolicyTag"
              ]
            },
            "GetTaxonomy": {
              "methods": [
                "GetTaxonomy"
              ]
            },
            "ListOperations": {
              "methods": [
                "ListOperations"
              ]
            },
            "ListPolicyTags": {
              "methods": [
                "ListPolicyTags"
              ]
            },
            "ListTaxonomies": {
              "methods": [
                "ListTaxonomies"
              ]
            },
            "SetIamPolicy": {
              "methods": [
                "SetIamPolicy"
              ]
            },
            "TestIamPermissions": {
              "methods": [
                "TestIamPermissions"
              ]
            },
            "UpdatePolicyTag": {
              "methods": [
                "UpdatePolicyTag"
              ]
            },
            "UpdateTaxonomy": {
              "methods": [
                "UpdateTaxonomy"
              ]
            }
          }
        }
      }
    },
    "PolicyTagManagerSerialization": {
      "clients": {
        "grpc": {
          "libraryClient": "PolicyTagManagerSerializationClient",
          "rpcs": {
            "CancelOperation": {
              "methods": [
                "CancelOperation"
              ]
            },
            "DeleteOperation": {
              "methods": [
                "DeleteOperation"
              ]
            },
            "ExportTaxonomies": {
              "methods": [
                "ExportTaxonomies"
              ]
            },
            "GetOperation": {
              "methods": [
                "GetOperation"
              ]
            },
            "ImportTaxonomies": {
              "methods": [
                "ImportTaxonomies"
              ]
            },
            "ListOperations": {
              "methods": [
                "ListOperations"
              ]
            },
            "ReplaceTaxonomy": {
              "methods": [
                "ReplaceTaxonomy"
              ]
            }
          }
        },
        "rest": {
          "libraryClient": "PolicyTagManagerSerializationClient",
          "rpcs": {
            "CancelOperation": {
              "methods": [
                "CancelOperation"
              ]
            },
            "DeleteOperation": {
              "methods": [
                "DeleteOperation"
              ]
            },
            "ExportTaxonomies": {
              "methods": [
                "ExportTaxonomies"
              ]
            },
            "GetOperation": {
              "methods": [
                "GetOperation"
              ]
            },
            "ImportTaxonomies": {
              "methods": [
                "ImportTaxonomies"
              ]
            },
            "ListOperations": {
              "methods": [
                "ListOperations"
              ]
            },
            "ReplaceTaxonomy": {
              "methods": [
                "ReplaceTaxonomy"
              ]
            }
          }
        }
      }
    }
  }
}
