{
  "schema": "1.0",
  "comment": "This file maps proto services/RPCs to the corresponding library clients/methods.",
  "language": "go",
  "protoPackage": "google.cloud.filestore.v1",
  "libraryPackage": "cloud.google.com/go/filestore/apiv1",
  "services": {
    "CloudFilestoreManager": {
      "clients": {
        "grpc": {
          "libraryClient": "CloudFilestoreManagerClient",
          "rpcs": {
            "CreateBackup": {
              "methods": [
                "CreateBackup"
              ]
            },
            "CreateInstance": {
              "methods": [
                "CreateInstance"
              ]
            },
            "DeleteBackup": {
              "methods": [
                "DeleteBackup"
              ]
            },
            "DeleteInstance": {
              "methods": [
                "DeleteInstance"
              ]
            },
            "GetBackup": {
              "methods": [
                "GetBackup"
              ]
            },
            "GetInstance": {
              "methods": [
                "GetInstance"
              ]
            },
            "ListBackups": {
              "methods": [
                "ListBackups"
              ]
            },
            "ListInstances": {
              "methods": [
                "ListInstances"
              ]
            },
            "RestoreInstance": {
              "methods": [
                "RestoreInstance"
              ]
            },
            "UpdateBackup": {
              "methods": [
                "UpdateBackup"
              ]
            },
            "UpdateInstance": {
              "methods": [
                "UpdateInstance"
              ]
            }
          }
        }
      }
    }
  }
}
