{
  "schema": "1.0",
  "comment": "This file maps proto services/RPCs to the corresponding library clients/methods.",
  "language": "go",
  "protoPackage": "google.cloud.recommender.v1beta1",
  "libraryPackage": "cloud.google.com/go/recommender/apiv1beta1",
  "services": {
    "Recommender": {
      "clients": {
        "grpc": {
          "libraryClient": "Client",
          "rpcs": {
            "GetInsight": {
              "methods": [
                "GetInsight"
              ]
            },
            "GetInsightTypeConfig": {
              "methods": [
                "GetInsightTypeConfig"
              ]
            },
            "GetRecommendation": {
              "methods": [
                "GetRecommendation"
              ]
            },
            "GetRecommenderConfig": {
              "methods": [
                "GetRecommenderConfig"
              ]
            },
            "ListInsights": {
              "methods": [
                "ListInsights"
              ]
            },
            "ListRecommendations": {
              "methods": [
                "ListRecommendations"
              ]
            },
            "MarkInsightAccepted": {
              "methods": [
                "MarkInsightAccepted"
              ]
            },
            "MarkRecommendationClaimed": {
              "methods": [
                "MarkRecommendationClaimed"
              ]
            },
            "MarkRecommendationFailed": {
              "methods": [
                "MarkRecommendationFailed"
              ]
            },
            "MarkRecommendationSucceeded": {
              "methods": [
                "MarkRecommendationSucceeded"
              ]
            },
            "UpdateInsightTypeConfig": {
              "methods": [
                "UpdateInsightTypeConfig"
              ]
            },
            "UpdateRecommenderConfig": {
              "methods": [
                "UpdateRecommenderConfig"
              ]
            }
          }
        },
        "rest": {
          "libraryClient": "Client",
          "rpcs": {
            "GetInsight": {
              "methods": [
                "GetInsight"
              ]
            },
            "GetInsightTypeConfig": {
              "methods": [
                "GetInsightTypeConfig"
              ]
            },
            "GetRecommendation": {
              "methods": [
                "GetRecommendation"
              ]
            },
            "GetRecommenderConfig": {
              "methods": [
                "GetRecommenderConfig"
              ]
            },
            "ListInsights": {
              "methods": [
                "ListInsights"
              ]
            },
            "ListRecommendations": {
              "methods": [
                "ListRecommendations"
              ]
            },
            "MarkInsightAccepted": {
              "methods": [
                "MarkInsightAccepted"
              ]
            },
            "MarkRecommendationClaimed": {
              "methods": [
                "MarkRecommendationClaimed"
              ]
            },
            "MarkRecommendationFailed": {
              "methods": [
                "MarkRecommendationFailed"
              ]
            },
            "MarkRecommendationSucceeded": {
              "methods": [
                "MarkRecommendationSucceeded"
              ]
            },
            "UpdateInsightTypeConfig": {
              "methods": [
                "UpdateInsightTypeConfig"
              ]
            },
            "UpdateRecommenderConfig": {
              "methods": [
                "UpdateRecommenderConfig"
              ]
            }
          }
        }
      }
    }
  }
}
