{
  "auth": {
    "oauth2": {
      "scopes": {
        "https://www.googleapis.com/auth/display-video": {
          "description": "Create, see, edit, and permanently delete your Display \u0026 Video 360 entities and reports"
        },
        "https://www.googleapis.com/auth/doubleclickbidmanager": {
          "description": "View and manage your reports in DoubleClick Bid Manager"
        }
      }
    }
  },
  "basePath": "",
  "baseUrl": "https://displayvideo.googleapis.com/",
  "batchPath": "batch",
  "canonicalName": "Display Video",
  "description": "Display \u0026 Video 360 API allows users to manage and create campaigns and reports.",
  "discoveryVersion": "v1",
  "documentationLink": "https://developers.google.com/display-video/",
  "fullyEncodeReservedExpansion": true,
  "icons": {
    "x16": "http://www.google.com/images/icons/product/search-16.gif",
    "x32": "http://www.google.com/images/icons/product/search-32.gif"
  },
  "id": "displayvideo:v1beta2",
  "kind": "discovery#restDescription",
  "mtlsRootUrl": "https://displayvideo.mtls.googleapis.com/",
  "name": "displayvideo",
  "ownerDomain": "google.com",
  "ownerName": "Google",
  "parameters": {
    "$.xgafv": {
      "description": "V1 error format.",
      "enum": [
        "1",
        "2"
      ],
      "enumDescriptions": [
        "v1 error format",
        "v2 error format"
      ],
      "location": "query",
      "type": "string"
    },
    "access_token": {
      "description": "OAuth access token.",
      "location": "query",
      "type": "string"
    },
    "alt": {
      "default": "json",
      "description": "Data format for response.",
      "enum": [
        "json",
        "media",
        "proto"
      ],
      "enumDescriptions": [
        "Responses with Content-Type of application/json",
        "Media download with context-dependent Content-Type",
        "Responses with Content-Type of application/x-protobuf"
      ],
      "location": "query",
      "type": "string"
    },
    "callback": {
      "description": "JSONP",
      "location": "query",
      "type": "string"
    },
    "fields": {
      "description": "Selector specifying which fields to include in a partial response.",
      "location": "query",
      "type": "string"
    },
    "key": {
      "description": "API key. Your API key identifies your project and provides you with API access, quota, and reports. Required unless you provide an OAuth 2.0 token.",
      "location": "query",
      "type": "string"
    },
    "oauth_token": {
      "description": "OAuth 2.0 token for the current user.",
      "location": "query",
      "type": "string"
    },
    "prettyPrint": {
      "default": "true",
      "description": "Returns response with indentations and line breaks.",
      "location": "query",
      "type": "boolean"
    },
    "quotaUser": {
      "description": "Available to use for quota purposes for server-side applications. Can be any arbitrary string assigned to a user, but should not exceed 40 characters.",
      "location": "query",
      "type": "string"
    },
    "uploadType": {
      "description": "Legacy upload protocol for media (e.g. \"media\", \"multipart\").",
      "location": "query",
      "type": "string"
    },
    "upload_protocol": {
      "description": "Upload protocol for media (e.g. \"raw\", \"multipart\").",
      "location": "query",
      "type": "string"
    }
  },
  "protocol": "rest",
  "resources": {
    "media": {
      "methods": {
        "download": {
          "description": "Downloads media. Download is supported on the URI `/download/{resource_name=**}?alt=media.` **Note**: Download requests will not be successful without including `alt=media` query string.",
          "flatPath": "download/{downloadId}",
          "httpMethod": "GET",
          "id": "displayvideo.media.download",
          "parameterOrder": [
            "resourceName"
          ],
          "parameters": {
            "resourceName": {
              "description": "Name of the media that is being downloaded. See ReadRequest.resource_name.",
              "location": "path",
              "pattern": "^.*$",
              "required": true,
              "type": "string"
            }
          },
          "path": "download/{+resourceName}",
          "response": {
            "$ref": "GoogleBytestreamMedia"
          },
          "scopes": [
            "https://www.googleapis.com/auth/display-video",
            "https://www.googleapis.com/auth/doubleclickbidmanager"
          ],
          "supportsMediaDownload": true
        }
      }
    },
    "sdfdownloadtasks": {
      "resources": {
        "operations": {
          "methods": {
            "get": {
              "description": "Gets the latest state of an asynchronous SDF download task operation. Clients should poll this method at intervals of 30 seconds.",
              "flatPath": "v1beta2/sdfdownloadtasks/operations/{operationsId}",
              "httpMethod": "GET",
              "id": "displayvideo.sdfdownloadtasks.operations.get",
              "parameterOrder": [
                "name"
              ],
              "parameters": {
                "name": {
                  "description": "The name of the operation resource.",
                  "location": "path",
                  "pattern": "^sdfdownloadtasks/operations/[^/]+$",
                  "required": true,
                  "type": "string"
                }
              },
              "path": "v1beta2/{+name}",
              "response": {
                "$ref": "Operation"
              },
              "scopes": [
                "https://www.googleapis.com/auth/display-video",
                "https://www.googleapis.com/auth/doubleclickbidmanager"
              ]
            }
          }
        }
      }
    }
  },
  "revision": "20200901",
  "rootUrl": "https://displayvideo.googleapis.com/",
  "schemas": {
    "GoogleBytestreamMedia": {
      "description": "Media resource.",
      "id": "GoogleBytestreamMedia",
      "properties": {
        "resourceName": {
          "description": "Name of the media resource.",
          "type": "string"
        }
      },
      "type": "object"
    },
    "Operation": {
      "description": "This resource represents a long-running operation that is the result of a network API call.",
      "id": "Operation",
      "properties": {
        "done": {
          "description": "If the value is `false`, it means the operation is still in progress. If `true`, the operation is completed, and either `error` or `response` is available.",
          "type": "boolean"
        },
        "error": {
          "$ref": "Status",
          "description": "The error result of the operation in case of failure or cancellation."
        },
        "metadata": {
          "additionalProperties": {
            "description": "Properties of the object. Contains field @type with type URL.",
            "type": "any"
          },
          "description": "Service-specific metadata associated with the operation. It typically contains progress information and common metadata such as create time. Some services might not provide such metadata. Any method that returns a long-running operation should document the metadata type, if any.",
          "type": "object"
        },
        "name": {
          "description": "The server-assigned name, which is only unique within the same service that originally returns it. If you use the default HTTP mapping, the `name` should be a resource name ending with `operations/{unique_id}`.",
          "type": "string"
        },
        "response": {
          "additionalProperties": {
            "description": "Properties of the object. Contains field @type with type URL.",
            "type": "any"
          },
          "description": "The normal response of the operation in case of success. If the original method returns no data on success, such as `Delete`, the response is `google.protobuf.Empty`. If the original method is standard `Get`/`Create`/`Update`, the response should be the resource. For other methods, the response should have the type `XxxResponse`, where `Xxx` is the original method name. For example, if the original method name is `TakeSnapshot()`, the inferred response type is `TakeSnapshotResponse`.",
          "type": "object"
        }
      },
      "type": "object"
    },
    "Status": {
      "description": "The `Status` type defines a logical error model that is suitable for different programming environments, including REST APIs and RPC APIs. It is used by [gRPC](https://github.com/grpc). Each `Status` message contains three pieces of data: error code, error message, and error details. You can find out more about this error model and how to work with it in the [API Design Guide](https://cloud.google.com/apis/design/errors).",
      "id": "Status",
      "properties": {
        "code": {
          "description": "The status code, which should be an enum value of google.rpc.Code.",
          "format": "int32",
          "type": "integer"
        },
        "details": {
          "description": "A list of messages that carry the error details. There is a common set of message types for APIs to use.",
          "items": {
            "additionalProperties": {
              "description": "Properties of the object. Contains field @type with type URL.",
              "type": "any"
            },
            "type": "object"
          },
          "type": "array"
        },
        "message": {
          "description": "A developer-facing error message, which should be in English. Any user-facing error message should be localized and sent in the google.rpc.Status.details field, or localized by the client.",
          "type": "string"
        }
      },
      "type": "object"
    }
  },
  "servicePath": "",
  "title": "Display \u0026 Video 360 API",
  "version": "v1beta2",
  "version_module": true
}