{
  "schema": "1.0",
  "comment": "This file maps proto services/RPCs to the corresponding library clients/methods.",
  "language": "go",
  "protoPackage": "google.cloud.beyondcorp.appgateways.v1",
  "libraryPackage": "cloud.google.com/go/beyondcorp/appgateways/apiv1",
  "services": {
    "AppGatewaysService": {
      "clients": {
        "grpc": {
          "libraryClient": "Client",
          "rpcs": {
            "CancelOperation": {
              "methods": [
                "CancelOperation"
              ]
            },
            "CreateAppGateway": {
              "methods": [
                "CreateAppGateway"
              ]
            },
            "DeleteAppGateway": {
              "methods": [
                "DeleteAppGateway"
              ]
            },
            "DeleteOperation": {
              "methods": [
                "DeleteOperation"
              ]
            },
            "GetAppGateway": {
              "methods": [
                "GetAppGateway"
              ]
            },
            "GetIamPolicy": {
              "methods": [
                "GetIamPolicy"
              ]
            },
            "GetLocation": {
              "methods": [
                "GetLocation"
              ]
            },
            "GetOperation": {
              "methods": [
                "GetOperation"
              ]
            },
            "ListAppGateways": {
              "methods": [
                "ListAppGateways"
              ]
            },
            "ListLocations": {
              "methods": [
                "ListLocations"
              ]
            },
            "ListOperations": {
              "methods": [
                "ListOperations"
              ]
            },
            "SetIamPolicy": {
              "methods": [
                "SetIamPolicy"
              ]
            },
            "TestIamPermissions": {
              "methods": [
                "TestIamPermissions"
              ]
            }
          }
        }
      }
    }
  }
}
