{
  "schema": "1.0",
  "comment": "This file maps proto services/RPCs to the corresponding library clients/methods.",
  "language": "go",
  "protoPackage": "google.cloud.assuredworkloads.v1",
  "libraryPackage": "cloud.google.com/go/assuredworkloads/apiv1",
  "services": {
    "AssuredWorkloadsService": {
      "clients": {
        "grpc": {
          "libraryClient": "Client",
          "rpcs": {
            "AcknowledgeViolation": {
              "methods": [
                "AcknowledgeViolation"
              ]
            },
            "CreateWorkload": {
              "methods": [
                "CreateWorkload"
              ]
            },
            "DeleteWorkload": {
              "methods": [
                "DeleteWorkload"
              ]
            },
            "GetOperation": {
              "methods": [
                "GetOperation"
              ]
            },
            "GetViolation": {
              "methods": [
                "GetViolation"
              ]
            },
            "GetWorkload": {
              "methods": [
                "GetWorkload"
              ]
            },
            "ListOperations": {
              "methods": [
                "ListOperations"
              ]
            },
            "ListViolations": {
              "methods": [
                "ListViolations"
              ]
            },
            "ListWorkloads": {
              "methods": [
                "ListWorkloads"
              ]
            },
            "RestrictAllowedResources": {
              "methods": [
                "RestrictAllowedResources"
              ]
            },
            "UpdateWorkload": {
              "methods": [
                "UpdateWorkload"
              ]
            }
          }
        },
        "rest": {
          "libraryClient": "Client",
          "rpcs": {
            "AcknowledgeViolation": {
              "methods": [
                "AcknowledgeViolation"
              ]
            },
            "CreateWorkload": {
              "methods": [
                "CreateWorkload"
              ]
            },
            "DeleteWorkload": {
              "methods": [
                "DeleteWorkload"
              ]
            },
            "GetOperation": {
              "methods": [
                "GetOperation"
              ]
            },
            "GetViolation": {
              "methods": [
                "GetViolation"
              ]
            },
            "GetWorkload": {
              "methods": [
                "GetWorkload"
              ]
            },
            "ListOperations": {
              "methods": [
                "ListOperations"
              ]
            },
            "ListViolations": {
              "methods": [
                "ListViolations"
              ]
            },
            "ListWorkloads": {
              "methods": [
                "ListWorkloads"
              ]
            },
            "RestrictAllowedResources": {
              "methods": [
                "RestrictAllowedResources"
              ]
            },
            "UpdateWorkload": {
              "methods": [
                "UpdateWorkload"
              ]
            }
          }
        }
      }
    }
  }
}
