{
  "schema": "1.0",
  "comment": "This file maps proto services/RPCs to the corresponding library clients/methods.",
  "language": "go",
  "protoPackage": "google.cloud.speech.v1",
  "libraryPackage": "cloud.google.com/go/speech/apiv1",
  "services": {
    "Adaptation": {
      "clients": {
        "grpc": {
          "libraryClient": "AdaptationClient",
          "rpcs": {
            "CreateCustomClass": {
              "methods": [
                "CreateCustomClass"
              ]
            },
            "CreatePhraseSet": {
              "methods": [
                "CreatePhraseSet"
              ]
            },
            "DeleteCustomClass": {
              "methods": [
                "DeleteCustomClass"
              ]
            },
            "DeletePhraseSet": {
              "methods": [
                "DeletePhraseSet"
              ]
            },
            "GetCustomClass": {
              "methods": [
                "GetCustomClass"
              ]
            },
            "GetPhraseSet": {
              "methods": [
                "GetPhraseSet"
              ]
            },
            "ListCustomClasses": {
              "methods": [
                "ListCustomClasses"
              ]
            },
            "ListPhraseSet": {
              "methods": [
                "ListPhraseSet"
              ]
            },
            "UpdateCustomClass": {
              "methods": [
                "UpdateCustomClass"
              ]
            },
            "UpdatePhraseSet": {
              "methods": [
                "UpdatePhraseSet"
              ]
            }
          }
        }
      }
    },
    "Speech": {
      "clients": {
        "grpc": {
          "libraryClient": "Client",
          "rpcs": {
            "LongRunningRecognize": {
              "methods": [
                "LongRunningRecognize"
              ]
            },
            "Recognize": {
              "methods": [
                "Recognize"
              ]
            },
            "StreamingRecognize": {
              "methods": [
                "StreamingRecognize"
              ]
            }
          }
        }
      }
    }
  }
}
