{
  "schema": "1.0",
  "comment": "This file maps proto services/RPCs to the corresponding library clients/methods.",
  "language": "go",
  "protoPackage": "google.cloud.filestore.v1",
  "libraryPackage": "cloud.google.com/go/filestore/apiv1",
  "services": {
    "CloudFilestoreManager": {
      "clients": {
        "grpc": {
          "libraryClient": "CloudFilestoreManagerClient",
          "rpcs": {
            "CreateBackup": {
              "methods": [
                "CreateBackup"
              ]
            },
            "CreateInstance": {
              "methods": [
                "CreateInstance"
              ]
            },
            "CreateSnapshot": {
              "methods": [
                "CreateSnapshot"
              ]
            },
            "DeleteBackup": {
              "methods": [
                "DeleteBackup"
              ]
            },
            "DeleteInstance": {
              "methods": [
                "DeleteInstance"
              ]
            },
            "DeleteSnapshot": {
              "methods": [
                "DeleteSnapshot"
              ]
            },
            "GetBackup": {
              "methods": [
                "GetBackup"
              ]
            },
            "GetInstance": {
              "methods": [
                "GetInstance"
              ]
            },
            "GetSnapshot": {
              "methods": [
                "GetSnapshot"
              ]
            },
            "ListBackups": {
              "methods": [
                "ListBackups"
              ]
            },
            "ListInstances": {
              "methods": [
                "ListInstances"
              ]
            },
            "ListSnapshots": {
              "methods": [
                "ListSnapshots"
              ]
            },
            "RestoreInstance": {
              "methods": [
                "RestoreInstance"
              ]
            },
            "UpdateBackup": {
              "methods": [
                "UpdateBackup"
              ]
            },
            "UpdateInstance": {
              "methods": [
                "UpdateInstance"
              ]
            },
            "UpdateSnapshot": {
              "methods": [
                "UpdateSnapshot"
              ]
            }
          }
        },
        "rest": {
          "libraryClient": "CloudFilestoreManagerClient",
          "rpcs": {
            "CreateBackup": {
              "methods": [
                "CreateBackup"
              ]
            },
            "CreateInstance": {
              "methods": [
                "CreateInstance"
              ]
            },
            "CreateSnapshot": {
              "methods": [
                "CreateSnapshot"
              ]
            },
            "DeleteBackup": {
              "methods": [
                "DeleteBackup"
              ]
            },
            "DeleteInstance": {
              "methods": [
                "DeleteInstance"
              ]
            },
            "DeleteSnapshot": {
              "methods": [
                "DeleteSnapshot"
              ]
            },
            "GetBackup": {
              "methods": [
                "GetBackup"
              ]
            },
            "GetInstance": {
              "methods": [
                "GetInstance"
              ]
            },
            "GetSnapshot": {
              "methods": [
                "GetSnapshot"
              ]
            },
            "ListBackups": {
              "methods": [
                "ListBackups"
              ]
            },
            "ListInstances": {
              "methods": [
                "ListInstances"
              ]
            },
            "ListSnapshots": {
              "methods": [
                "ListSnapshots"
              ]
            },
            "RestoreInstance": {
              "methods": [
                "RestoreInstance"
              ]
            },
            "UpdateBackup": {
              "methods": [
                "UpdateBackup"
              ]
            },
            "UpdateInstance": {
              "methods": [
                "UpdateInstance"
              ]
            },
            "UpdateSnapshot": {
              "methods": [
                "UpdateSnapshot"
              ]
            }
          }
        }
      }
    }
  }
}
