{
  "schema": "1.0",
  "comment": "This file maps proto services/RPCs to the corresponding library clients/methods.",
  "language": "go",
  "protoPackage": "google.cloud.certificatemanager.v1",
  "libraryPackage": "cloud.google.com/go/certificatemanager/apiv1",
  "services": {
    "CertificateManager": {
      "clients": {
        "grpc": {
          "libraryClient": "Client",
          "rpcs": {
            "CancelOperation": {
              "methods": [
                "CancelOperation"
              ]
            },
            "CreateCertificate": {
              "methods": [
                "CreateCertificate"
              ]
            },
            "CreateCertificateIssuanceConfig": {
              "methods": [
                "CreateCertificateIssuanceConfig"
              ]
            },
            "CreateCertificateMap": {
              "methods": [
                "CreateCertificateMap"
              ]
            },
            "CreateCertificateMapEntry": {
              "methods": [
                "CreateCertificateMapEntry"
              ]
            },
            "CreateDnsAuthorization": {
              "methods": [
                "CreateDnsAuthorization"
              ]
            },
            "DeleteCertificate": {
              "methods": [
                "DeleteCertificate"
              ]
            },
            "DeleteCertificateIssuanceConfig": {
              "methods": [
                "DeleteCertificateIssuanceConfig"
              ]
            },
            "DeleteCertificateMap": {
              "methods": [
                "DeleteCertificateMap"
              ]
            },
            "DeleteCertificateMapEntry": {
              "methods": [
                "DeleteCertificateMapEntry"
              ]
            },
            "DeleteDnsAuthorization": {
              "methods": [
                "DeleteDnsAuthorization"
              ]
            },
            "DeleteOperation": {
              "methods": [
                "DeleteOperation"
              ]
            },
            "GetCertificate": {
              "methods": [
                "GetCertificate"
              ]
            },
            "GetCertificateIssuanceConfig": {
              "methods": [
                "GetCertificateIssuanceConfig"
              ]
            },
            "GetCertificateMap": {
              "methods": [
                "GetCertificateMap"
              ]
            },
            "GetCertificateMapEntry": {
              "methods": [
                "GetCertificateMapEntry"
              ]
            },
            "GetDnsAuthorization": {
              "methods": [
                "GetDnsAuthorization"
              ]
            },
            "GetLocation": {
              "methods": [
                "GetLocation"
              ]
            },
            "GetOperation": {
              "methods": [
                "GetOperation"
              ]
            },
            "ListCertificateIssuanceConfigs": {
              "methods": [
                "ListCertificateIssuanceConfigs"
              ]
            },
            "ListCertificateMapEntries": {
              "methods": [
                "ListCertificateMapEntries"
              ]
            },
            "ListCertificateMaps": {
              "methods": [
                "ListCertificateMaps"
              ]
            },
            "ListCertificates": {
              "methods": [
                "ListCertificates"
              ]
            },
            "ListDnsAuthorizations": {
              "methods": [
                "ListDnsAuthorizations"
              ]
            },
            "ListLocations": {
              "methods": [
                "ListLocations"
              ]
            },
            "ListOperations": {
              "methods": [
                "ListOperations"
              ]
            },
            "UpdateCertificate": {
              "methods": [
                "UpdateCertificate"
              ]
            },
            "UpdateCertificateMap": {
              "methods": [
                "UpdateCertificateMap"
              ]
            },
            "UpdateCertificateMapEntry": {
              "methods": [
                "UpdateCertificateMapEntry"
              ]
            },
            "UpdateDnsAuthorization": {
              "methods": [
                "UpdateDnsAuthorization"
              ]
            }
          }
        }
      }
    }
  }
}
