{
  "schema": "1.0",
  "comment": "This file maps proto services/RPCs to the corresponding library clients/methods.",
  "language": "go",
  "protoPackage": "google.cloud.talent.v4beta1",
  "libraryPackage": "cloud.google.com/go/talent/apiv4beta1",
  "services": {
    "CompanyService": {
      "clients": {
        "grpc": {
          "libraryClient": "CompanyClient",
          "rpcs": {
            "CreateCompany": {
              "methods": [
                "CreateCompany"
              ]
            },
            "DeleteCompany": {
              "methods": [
                "DeleteCompany"
              ]
            },
            "GetCompany": {
              "methods": [
                "GetCompany"
              ]
            },
            "GetOperation": {
              "methods": [
                "GetOperation"
              ]
            },
            "ListCompanies": {
              "methods": [
                "ListCompanies"
              ]
            },
            "UpdateCompany": {
              "methods": [
                "UpdateCompany"
              ]
            }
          }
        },
        "rest": {
          "libraryClient": "CompanyClient",
          "rpcs": {
            "CreateCompany": {
              "methods": [
                "CreateCompany"
              ]
            },
            "DeleteCompany": {
              "methods": [
                "DeleteCompany"
              ]
            },
            "GetCompany": {
              "methods": [
                "GetCompany"
              ]
            },
            "GetOperation": {
              "methods": [
                "GetOperation"
              ]
            },
            "ListCompanies": {
              "methods": [
                "ListCompanies"
              ]
            },
            "UpdateCompany": {
              "methods": [
                "UpdateCompany"
              ]
            }
          }
        }
      }
    },
    "Completion": {
      "clients": {
        "grpc": {
          "libraryClient": "CompletionClient",
          "rpcs": {
            "CompleteQuery": {
              "methods": [
                "CompleteQuery"
              ]
            },
            "GetOperation": {
              "methods": [
                "GetOperation"
              ]
            }
          }
        },
        "rest": {
          "libraryClient": "CompletionClient",
          "rpcs": {
            "CompleteQuery": {
              "methods": [
                "CompleteQuery"
              ]
            },
            "GetOperation": {
              "methods": [
                "GetOperation"
              ]
            }
          }
        }
      }
    },
    "EventService": {
      "clients": {
        "grpc": {
          "libraryClient": "EventClient",
          "rpcs": {
            "CreateClientEvent": {
              "methods": [
                "CreateClientEvent"
              ]
            },
            "GetOperation": {
              "methods": [
                "GetOperation"
              ]
            }
          }
        },
        "rest": {
          "libraryClient": "EventClient",
          "rpcs": {
            "CreateClientEvent": {
              "methods": [
                "CreateClientEvent"
              ]
            },
            "GetOperation": {
              "methods": [
                "GetOperation"
              ]
            }
          }
        }
      }
    },
    "JobService": {
      "clients": {
        "grpc": {
          "libraryClient": "JobClient",
          "rpcs": {
            "BatchCreateJobs": {
              "methods": [
                "BatchCreateJobs"
              ]
            },
            "BatchDeleteJobs": {
              "methods": [
                "BatchDeleteJobs"
              ]
            },
            "BatchUpdateJobs": {
              "methods": [
                "BatchUpdateJobs"
              ]
            },
            "CreateJob": {
              "methods": [
                "CreateJob"
              ]
            },
            "DeleteJob": {
              "methods": [
                "DeleteJob"
              ]
            },
            "GetJob": {
              "methods": [
                "GetJob"
              ]
            },
            "GetOperation": {
              "methods": [
                "GetOperation"
              ]
            },
            "ListJobs": {
              "methods": [
                "ListJobs"
              ]
            },
            "SearchJobs": {
              "methods": [
                "SearchJobs"
              ]
            },
            "SearchJobsForAlert": {
              "methods": [
                "SearchJobsForAlert"
              ]
            },
            "UpdateJob": {
              "methods": [
                "UpdateJob"
              ]
            }
          }
        },
        "rest": {
          "libraryClient": "JobClient",
          "rpcs": {
            "BatchCreateJobs": {
              "methods": [
                "BatchCreateJobs"
              ]
            },
            "BatchDeleteJobs": {
              "methods": [
                "BatchDeleteJobs"
              ]
            },
            "BatchUpdateJobs": {
              "methods": [
                "BatchUpdateJobs"
              ]
            },
            "CreateJob": {
              "methods": [
                "CreateJob"
              ]
            },
            "DeleteJob": {
              "methods": [
                "DeleteJob"
              ]
            },
            "GetJob": {
              "methods": [
                "GetJob"
              ]
            },
            "GetOperation": {
              "methods": [
                "GetOperation"
              ]
            },
            "ListJobs": {
              "methods": [
                "ListJobs"
              ]
            },
            "SearchJobs": {
              "methods": [
                "SearchJobs"
              ]
            },
            "SearchJobsForAlert": {
              "methods": [
                "SearchJobsForAlert"
              ]
            },
            "UpdateJob": {
              "methods": [
                "UpdateJob"
              ]
            }
          }
        }
      }
    },
    "TenantService": {
      "clients": {
        "grpc": {
          "libraryClient": "TenantClient",
          "rpcs": {
            "CreateTenant": {
              "methods": [
                "CreateTenant"
              ]
            },
            "DeleteTenant": {
              "methods": [
                "DeleteTenant"
              ]
            },
            "GetOperation": {
              "methods": [
                "GetOperation"
              ]
            },
            "GetTenant": {
              "methods": [
                "GetTenant"
              ]
            },
            "ListTenants": {
              "methods": [
                "ListTenants"
              ]
            },
            "UpdateTenant": {
              "methods": [
                "UpdateTenant"
              ]
            }
          }
        },
        "rest": {
          "libraryClient": "TenantClient",
          "rpcs": {
            "CreateTenant": {
              "methods": [
                "CreateTenant"
              ]
            },
            "DeleteTenant": {
              "methods": [
                "DeleteTenant"
              ]
            },
            "GetOperation": {
              "methods": [
                "GetOperation"
              ]
            },
            "GetTenant": {
              "methods": [
                "GetTenant"
              ]
            },
            "ListTenants": {
              "methods": [
                "ListTenants"
              ]
            },
            "UpdateTenant": {
              "methods": [
                "UpdateTenant"
              ]
            }
          }
        }
      }
    }
  }
}
