{
  "schema": "1.0",
  "comment": "This file maps proto services/RPCs to the corresponding library clients/methods.",
  "language": "go",
  "protoPackage": "google.cloud.aiplatform.v1",
  "libraryPackage": "cloud.google.com/go/aiplatform/apiv1",
  "services": {
    "DatasetService": {
      "clients": {
        "grpc": {
          "libraryClient": "DatasetClient",
          "rpcs": {
            "CancelOperation": {
              "methods": [
                "CancelOperation"
              ]
            },
            "CreateDataset": {
              "methods": [
                "CreateDataset"
              ]
            },
            "DeleteDataset": {
              "methods": [
                "DeleteDataset"
              ]
            },
            "DeleteOperation": {
              "methods": [
                "DeleteOperation"
              ]
            },
            "ExportData": {
              "methods": [
                "ExportData"
              ]
            },
            "GetAnnotationSpec": {
              "methods": [
                "GetAnnotationSpec"
              ]
            },
            "GetDataset": {
              "methods": [
                "GetDataset"
              ]
            },
            "GetIamPolicy": {
              "methods": [
                "GetIamPolicy"
              ]
            },
            "GetLocation": {
              "methods": [
                "GetLocation"
              ]
            },
            "GetOperation": {
              "methods": [
                "GetOperation"
              ]
            },
            "ImportData": {
              "methods": [
                "ImportData"
              ]
            },
            "ListAnnotations": {
              "methods": [
                "ListAnnotations"
              ]
            },
            "ListDataItems": {
              "methods": [
                "ListDataItems"
              ]
            },
            "ListDatasets": {
              "methods": [
                "ListDatasets"
              ]
            },
            "ListLocations": {
              "methods": [
                "ListLocations"
              ]
            },
            "ListOperations": {
              "methods": [
                "ListOperations"
              ]
            },
            "ListSavedQueries": {
              "methods": [
                "ListSavedQueries"
              ]
            },
            "SetIamPolicy": {
              "methods": [
                "SetIamPolicy"
              ]
            },
            "TestIamPermissions": {
              "methods": [
                "TestIamPermissions"
              ]
            },
            "UpdateDataset": {
              "methods": [
                "UpdateDataset"
              ]
            },
            "WaitOperation": {
              "methods": [
                "WaitOperation"
              ]
            }
          }
        }
      }
    },
    "EndpointService": {
      "clients": {
        "grpc": {
          "libraryClient": "EndpointClient",
          "rpcs": {
            "CancelOperation": {
              "methods": [
                "CancelOperation"
              ]
            },
            "CreateEndpoint": {
              "methods": [
                "CreateEndpoint"
              ]
            },
            "DeleteEndpoint": {
              "methods": [
                "DeleteEndpoint"
              ]
            },
            "DeleteOperation": {
              "methods": [
                "DeleteOperation"
              ]
            },
            "DeployModel": {
              "methods": [
                "DeployModel"
              ]
            },
            "GetEndpoint": {
              "methods": [
                "GetEndpoint"
              ]
            },
            "GetIamPolicy": {
              "methods": [
                "GetIamPolicy"
              ]
            },
            "GetLocation": {
              "methods": [
                "GetLocation"
              ]
            },
            "GetOperation": {
              "methods": [
                "GetOperation"
              ]
            },
            "ListEndpoints": {
              "methods": [
                "ListEndpoints"
              ]
            },
            "ListLocations": {
              "methods": [
                "ListLocations"
              ]
            },
            "ListOperations": {
              "methods": [
                "ListOperations"
              ]
            },
            "SetIamPolicy": {
              "methods": [
                "SetIamPolicy"
              ]
            },
            "TestIamPermissions": {
              "methods": [
                "TestIamPermissions"
              ]
            },
            "UndeployModel": {
              "methods": [
                "UndeployModel"
              ]
            },
            "UpdateEndpoint": {
              "methods": [
                "UpdateEndpoint"
              ]
            },
            "WaitOperation": {
              "methods": [
                "WaitOperation"
              ]
            }
          }
        }
      }
    },
    "FeaturestoreOnlineServingService": {
      "clients": {
        "grpc": {
          "libraryClient": "FeaturestoreOnlineServingClient",
          "rpcs": {
            "CancelOperation": {
              "methods": [
                "CancelOperation"
              ]
            },
            "DeleteOperation": {
              "methods": [
                "DeleteOperation"
              ]
            },
            "GetIamPolicy": {
              "methods": [
                "GetIamPolicy"
              ]
            },
            "GetLocation": {
              "methods": [
                "GetLocation"
              ]
            },
            "GetOperation": {
              "methods": [
                "GetOperation"
              ]
            },
            "ListLocations": {
              "methods": [
                "ListLocations"
              ]
            },
            "ListOperations": {
              "methods": [
                "ListOperations"
              ]
            },
            "ReadFeatureValues": {
              "methods": [
                "ReadFeatureValues"
              ]
            },
            "SetIamPolicy": {
              "methods": [
                "SetIamPolicy"
              ]
            },
            "StreamingReadFeatureValues": {
              "methods": [
                "StreamingReadFeatureValues"
              ]
            },
            "TestIamPermissions": {
              "methods": [
                "TestIamPermissions"
              ]
            },
            "WaitOperation": {
              "methods": [
                "WaitOperation"
              ]
            },
            "WriteFeatureValues": {
              "methods": [
                "WriteFeatureValues"
              ]
            }
          }
        }
      }
    },
    "FeaturestoreService": {
      "clients": {
        "grpc": {
          "libraryClient": "FeaturestoreClient",
          "rpcs": {
            "BatchCreateFeatures": {
              "methods": [
                "BatchCreateFeatures"
              ]
            },
            "BatchReadFeatureValues": {
              "methods": [
                "BatchReadFeatureValues"
              ]
            },
            "CancelOperation": {
              "methods": [
                "CancelOperation"
              ]
            },
            "CreateEntityType": {
              "methods": [
                "CreateEntityType"
              ]
            },
            "CreateFeature": {
              "methods": [
                "CreateFeature"
              ]
            },
            "CreateFeaturestore": {
              "methods": [
                "CreateFeaturestore"
              ]
            },
            "DeleteEntityType": {
              "methods": [
                "DeleteEntityType"
              ]
            },
            "DeleteFeature": {
              "methods": [
                "DeleteFeature"
              ]
            },
            "DeleteFeaturestore": {
              "methods": [
                "DeleteFeaturestore"
              ]
            },
            "DeleteOperation": {
              "methods": [
                "DeleteOperation"
              ]
            },
            "ExportFeatureValues": {
              "methods": [
                "ExportFeatureValues"
              ]
            },
            "GetEntityType": {
              "methods": [
                "GetEntityType"
              ]
            },
            "GetFeature": {
              "methods": [
                "GetFeature"
              ]
            },
            "GetFeaturestore": {
              "methods": [
                "GetFeaturestore"
              ]
            },
            "GetIamPolicy": {
              "methods": [
                "GetIamPolicy"
              ]
            },
            "GetLocation": {
              "methods": [
                "GetLocation"
              ]
            },
            "GetOperation": {
              "methods": [
                "GetOperation"
              ]
            },
            "ImportFeatureValues": {
              "methods": [
                "ImportFeatureValues"
              ]
            },
            "ListEntityTypes": {
              "methods": [
                "ListEntityTypes"
              ]
            },
            "ListFeatures": {
              "methods": [
                "ListFeatures"
              ]
            },
            "ListFeaturestores": {
              "methods": [
                "ListFeaturestores"
              ]
            },
            "ListLocations": {
              "methods": [
                "ListLocations"
              ]
            },
            "ListOperations": {
              "methods": [
                "ListOperations"
              ]
            },
            "SearchFeatures": {
              "methods": [
                "SearchFeatures"
              ]
            },
            "SetIamPolicy": {
              "methods": [
                "SetIamPolicy"
              ]
            },
            "TestIamPermissions": {
              "methods": [
                "TestIamPermissions"
              ]
            },
            "UpdateEntityType": {
              "methods": [
                "UpdateEntityType"
              ]
            },
            "UpdateFeature": {
              "methods": [
                "UpdateFeature"
              ]
            },
            "UpdateFeaturestore": {
              "methods": [
                "UpdateFeaturestore"
              ]
            },
            "WaitOperation": {
              "methods": [
                "WaitOperation"
              ]
            }
          }
        }
      }
    },
    "IndexEndpointService": {
      "clients": {
        "grpc": {
          "libraryClient": "IndexEndpointClient",
          "rpcs": {
            "CancelOperation": {
              "methods": [
                "CancelOperation"
              ]
            },
            "CreateIndexEndpoint": {
              "methods": [
                "CreateIndexEndpoint"
              ]
            },
            "DeleteIndexEndpoint": {
              "methods": [
                "DeleteIndexEndpoint"
              ]
            },
            "DeleteOperation": {
              "methods": [
                "DeleteOperation"
              ]
            },
            "DeployIndex": {
              "methods": [
                "DeployIndex"
              ]
            },
            "GetIamPolicy": {
              "methods": [
                "GetIamPolicy"
              ]
            },
            "GetIndexEndpoint": {
              "methods": [
                "GetIndexEndpoint"
              ]
            },
            "GetLocation": {
              "methods": [
                "GetLocation"
              ]
            },
            "GetOperation": {
              "methods": [
                "GetOperation"
              ]
            },
            "ListIndexEndpoints": {
              "methods": [
                "ListIndexEndpoints"
              ]
            },
            "ListLocations": {
              "methods": [
                "ListLocations"
              ]
            },
            "ListOperations": {
              "methods": [
                "ListOperations"
              ]
            },
            "MutateDeployedIndex": {
              "methods": [
                "MutateDeployedIndex"
              ]
            },
            "SetIamPolicy": {
              "methods": [
                "SetIamPolicy"
              ]
            },
            "TestIamPermissions": {
              "methods": [
                "TestIamPermissions"
              ]
            },
            "UndeployIndex": {
              "methods": [
                "UndeployIndex"
              ]
            },
            "UpdateIndexEndpoint": {
              "methods": [
                "UpdateIndexEndpoint"
              ]
            },
            "WaitOperation": {
              "methods": [
                "WaitOperation"
              ]
            }
          }
        }
      }
    },
    "IndexService": {
      "clients": {
        "grpc": {
          "libraryClient": "IndexClient",
          "rpcs": {
            "CancelOperation": {
              "methods": [
                "CancelOperation"
              ]
            },
            "CreateIndex": {
              "methods": [
                "CreateIndex"
              ]
            },
            "DeleteIndex": {
              "methods": [
                "DeleteIndex"
              ]
            },
            "DeleteOperation": {
              "methods": [
                "DeleteOperation"
              ]
            },
            "GetIamPolicy": {
              "methods": [
                "GetIamPolicy"
              ]
            },
            "GetIndex": {
              "methods": [
                "GetIndex"
              ]
            },
            "GetLocation": {
              "methods": [
                "GetLocation"
              ]
            },
            "GetOperation": {
              "methods": [
                "GetOperation"
              ]
            },
            "ListIndexes": {
              "methods": [
                "ListIndexes"
              ]
            },
            "ListLocations": {
              "methods": [
                "ListLocations"
              ]
            },
            "ListOperations": {
              "methods": [
                "ListOperations"
              ]
            },
            "RemoveDatapoints": {
              "methods": [
                "RemoveDatapoints"
              ]
            },
            "SetIamPolicy": {
              "methods": [
                "SetIamPolicy"
              ]
            },
            "TestIamPermissions": {
              "methods": [
                "TestIamPermissions"
              ]
            },
            "UpdateIndex": {
              "methods": [
                "UpdateIndex"
              ]
            },
            "UpsertDatapoints": {
              "methods": [
                "UpsertDatapoints"
              ]
            },
            "WaitOperation": {
              "methods": [
                "WaitOperation"
              ]
            }
          }
        }
      }
    },
    "JobService": {
      "clients": {
        "grpc": {
          "libraryClient": "JobClient",
          "rpcs": {
            "CancelBatchPredictionJob": {
              "methods": [
                "CancelBatchPredictionJob"
              ]
            },
            "CancelCustomJob": {
              "methods": [
                "CancelCustomJob"
              ]
            },
            "CancelDataLabelingJob": {
              "methods": [
                "CancelDataLabelingJob"
              ]
            },
            "CancelHyperparameterTuningJob": {
              "methods": [
                "CancelHyperparameterTuningJob"
              ]
            },
            "CancelOperation": {
              "methods": [
                "CancelOperation"
              ]
            },
            "CreateBatchPredictionJob": {
              "methods": [
                "CreateBatchPredictionJob"
              ]
            },
            "CreateCustomJob": {
              "methods": [
                "CreateCustomJob"
              ]
            },
            "CreateDataLabelingJob": {
              "methods": [
                "CreateDataLabelingJob"
              ]
            },
            "CreateHyperparameterTuningJob": {
              "methods": [
                "CreateHyperparameterTuningJob"
              ]
            },
            "CreateModelDeploymentMonitoringJob": {
              "methods": [
                "CreateModelDeploymentMonitoringJob"
              ]
            },
            "DeleteBatchPredictionJob": {
              "methods": [
                "DeleteBatchPredictionJob"
              ]
            },
            "DeleteCustomJob": {
              "methods": [
                "DeleteCustomJob"
              ]
            },
            "DeleteDataLabelingJob": {
              "methods": [
                "DeleteDataLabelingJob"
              ]
            },
            "DeleteHyperparameterTuningJob": {
              "methods": [
                "DeleteHyperparameterTuningJob"
              ]
            },
            "DeleteModelDeploymentMonitoringJob": {
              "methods": [
                "DeleteModelDeploymentMonitoringJob"
              ]
            },
            "DeleteOperation": {
              "methods": [
                "DeleteOperation"
              ]
            },
            "GetBatchPredictionJob": {
              "methods": [
                "GetBatchPredictionJob"
              ]
            },
            "GetCustomJob": {
              "methods": [
                "GetCustomJob"
              ]
            },
            "GetDataLabelingJob": {
              "methods": [
                "GetDataLabelingJob"
              ]
            },
            "GetHyperparameterTuningJob": {
              "methods": [
                "GetHyperparameterTuningJob"
              ]
            },
            "GetIamPolicy": {
              "methods": [
                "GetIamPolicy"
              ]
            },
            "GetLocation": {
              "methods": [
                "GetLocation"
              ]
            },
            "GetModelDeploymentMonitoringJob": {
              "methods": [
                "GetModelDeploymentMonitoringJob"
              ]
            },
            "GetOperation": {
              "methods": [
                "GetOperation"
              ]
            },
            "ListBatchPredictionJobs": {
              "methods": [
                "ListBatchPredictionJobs"
              ]
            },
            "ListCustomJobs": {
              "methods": [
                "ListCustomJobs"
              ]
            },
            "ListDataLabelingJobs": {
              "methods": [
                "ListDataLabelingJobs"
              ]
            },
            "ListHyperparameterTuningJobs": {
              "methods": [
                "ListHyperparameterTuningJobs"
              ]
            },
            "ListLocations": {
              "methods": [
                "ListLocations"
              ]
            },
            "ListModelDeploymentMonitoringJobs": {
              "methods": [
                "ListModelDeploymentMonitoringJobs"
              ]
            },
            "ListOperations": {
              "methods": [
                "ListOperations"
              ]
            },
            "PauseModelDeploymentMonitoringJob": {
              "methods": [
                "PauseModelDeploymentMonitoringJob"
              ]
            },
            "ResumeModelDeploymentMonitoringJob": {
              "methods": [
                "ResumeModelDeploymentMonitoringJob"
              ]
            },
            "SearchModelDeploymentMonitoringStatsAnomalies": {
              "methods": [
                "SearchModelDeploymentMonitoringStatsAnomalies"
              ]
            },
            "SetIamPolicy": {
              "methods": [
                "SetIamPolicy"
              ]
            },
            "TestIamPermissions": {
              "methods": [
                "TestIamPermissions"
              ]
            },
            "UpdateModelDeploymentMonitoringJob": {
              "methods": [
                "UpdateModelDeploymentMonitoringJob"
              ]
            },
            "WaitOperation": {
              "methods": [
                "WaitOperation"
              ]
            }
          }
        }
      }
    },
    "MetadataService": {
      "clients": {
        "grpc": {
          "libraryClient": "MetadataClient",
          "rpcs": {
            "AddContextArtifactsAndExecutions": {
              "methods": [
                "AddContextArtifactsAndExecutions"
              ]
            },
            "AddContextChildren": {
              "methods": [
                "AddContextChildren"
              ]
            },
            "AddExecutionEvents": {
              "methods": [
                "AddExecutionEvents"
              ]
            },
            "CancelOperation": {
              "methods": [
                "CancelOperation"
              ]
            },
            "CreateArtifact": {
              "methods": [
                "CreateArtifact"
              ]
            },
            "CreateContext": {
              "methods": [
                "CreateContext"
              ]
            },
            "CreateExecution": {
              "methods": [
                "CreateExecution"
              ]
            },
            "CreateMetadataSchema": {
              "methods": [
                "CreateMetadataSchema"
              ]
            },
            "CreateMetadataStore": {
              "methods": [
                "CreateMetadataStore"
              ]
            },
            "DeleteArtifact": {
              "methods": [
                "DeleteArtifact"
              ]
            },
            "DeleteContext": {
              "methods": [
                "DeleteContext"
              ]
            },
            "DeleteExecution": {
              "methods": [
                "DeleteExecution"
              ]
            },
            "DeleteMetadataStore": {
              "methods": [
                "DeleteMetadataStore"
              ]
            },
            "DeleteOperation": {
              "methods": [
                "DeleteOperation"
              ]
            },
            "GetArtifact": {
              "methods": [
                "GetArtifact"
              ]
            },
            "GetContext": {
              "methods": [
                "GetContext"
              ]
            },
            "GetExecution": {
              "methods": [
                "GetExecution"
              ]
            },
            "GetIamPolicy": {
              "methods": [
                "GetIamPolicy"
              ]
            },
            "GetLocation": {
              "methods": [
                "GetLocation"
              ]
            },
            "GetMetadataSchema": {
              "methods": [
                "GetMetadataSchema"
              ]
            },
            "GetMetadataStore": {
              "methods": [
                "GetMetadataStore"
              ]
            },
            "GetOperation": {
              "methods": [
                "GetOperation"
              ]
            },
            "ListArtifacts": {
              "methods": [
                "ListArtifacts"
              ]
            },
            "ListContexts": {
              "methods": [
                "ListContexts"
              ]
            },
            "ListExecutions": {
              "methods": [
                "ListExecutions"
              ]
            },
            "ListLocations": {
              "methods": [
                "ListLocations"
              ]
            },
            "ListMetadataSchemas": {
              "methods": [
                "ListMetadataSchemas"
              ]
            },
            "ListMetadataStores": {
              "methods": [
                "ListMetadataStores"
              ]
            },
            "ListOperations": {
              "methods": [
                "ListOperations"
              ]
            },
            "PurgeArtifacts": {
              "methods": [
                "PurgeArtifacts"
              ]
            },
            "PurgeContexts": {
              "methods": [
                "PurgeContexts"
              ]
            },
            "PurgeExecutions": {
              "methods": [
                "PurgeExecutions"
              ]
            },
            "QueryArtifactLineageSubgraph": {
              "methods": [
                "QueryArtifactLineageSubgraph"
              ]
            },
            "QueryContextLineageSubgraph": {
              "methods": [
                "QueryContextLineageSubgraph"
              ]
            },
            "QueryExecutionInputsAndOutputs": {
              "methods": [
                "QueryExecutionInputsAndOutputs"
              ]
            },
            "RemoveContextChildren": {
              "methods": [
                "RemoveContextChildren"
              ]
            },
            "SetIamPolicy": {
              "methods": [
                "SetIamPolicy"
              ]
            },
            "TestIamPermissions": {
              "methods": [
                "TestIamPermissions"
              ]
            },
            "UpdateArtifact": {
              "methods": [
                "UpdateArtifact"
              ]
            },
            "UpdateContext": {
              "methods": [
                "UpdateContext"
              ]
            },
            "UpdateExecution": {
              "methods": [
                "UpdateExecution"
              ]
            },
            "WaitOperation": {
              "methods": [
                "WaitOperation"
              ]
            }
          }
        }
      }
    },
    "MigrationService": {
      "clients": {
        "grpc": {
          "libraryClient": "MigrationClient",
          "rpcs": {
            "BatchMigrateResources": {
              "methods": [
                "BatchMigrateResources"
              ]
            },
            "CancelOperation": {
              "methods": [
                "CancelOperation"
              ]
            },
            "DeleteOperation": {
              "methods": [
                "DeleteOperation"
              ]
            },
            "GetIamPolicy": {
              "methods": [
                "GetIamPolicy"
              ]
            },
            "GetLocation": {
              "methods": [
                "GetLocation"
              ]
            },
            "GetOperation": {
              "methods": [
                "GetOperation"
              ]
            },
            "ListLocations": {
              "methods": [
                "ListLocations"
              ]
            },
            "ListOperations": {
              "methods": [
                "ListOperations"
              ]
            },
            "SearchMigratableResources": {
              "methods": [
                "SearchMigratableResources"
              ]
            },
            "SetIamPolicy": {
              "methods": [
                "SetIamPolicy"
              ]
            },
            "TestIamPermissions": {
              "methods": [
                "TestIamPermissions"
              ]
            },
            "WaitOperation": {
              "methods": [
                "WaitOperation"
              ]
            }
          }
        }
      }
    },
    "ModelService": {
      "clients": {
        "grpc": {
          "libraryClient": "ModelClient",
          "rpcs": {
            "BatchImportModelEvaluationSlices": {
              "methods": [
                "BatchImportModelEvaluationSlices"
              ]
            },
            "CancelOperation": {
              "methods": [
                "CancelOperation"
              ]
            },
            "DeleteModel": {
              "methods": [
                "DeleteModel"
              ]
            },
            "DeleteModelVersion": {
              "methods": [
                "DeleteModelVersion"
              ]
            },
            "DeleteOperation": {
              "methods": [
                "DeleteOperation"
              ]
            },
            "ExportModel": {
              "methods": [
                "ExportModel"
              ]
            },
            "GetIamPolicy": {
              "methods": [
                "GetIamPolicy"
              ]
            },
            "GetLocation": {
              "methods": [
                "GetLocation"
              ]
            },
            "GetModel": {
              "methods": [
                "GetModel"
              ]
            },
            "GetModelEvaluation": {
              "methods": [
                "GetModelEvaluation"
              ]
            },
            "GetModelEvaluationSlice": {
              "methods": [
                "GetModelEvaluationSlice"
              ]
            },
            "GetOperation": {
              "methods": [
                "GetOperation"
              ]
            },
            "ImportModelEvaluation": {
              "methods": [
                "ImportModelEvaluation"
              ]
            },
            "ListLocations": {
              "methods": [
                "ListLocations"
              ]
            },
            "ListModelEvaluationSlices": {
              "methods": [
                "ListModelEvaluationSlices"
              ]
            },
            "ListModelEvaluations": {
              "methods": [
                "ListModelEvaluations"
              ]
            },
            "ListModelVersions": {
              "methods": [
                "ListModelVersions"
              ]
            },
            "ListModels": {
              "methods": [
                "ListModels"
              ]
            },
            "ListOperations": {
              "methods": [
                "ListOperations"
              ]
            },
            "MergeVersionAliases": {
              "methods": [
                "MergeVersionAliases"
              ]
            },
            "SetIamPolicy": {
              "methods": [
                "SetIamPolicy"
              ]
            },
            "TestIamPermissions": {
              "methods": [
                "TestIamPermissions"
              ]
            },
            "UpdateModel": {
              "methods": [
                "UpdateModel"
              ]
            },
            "UploadModel": {
              "methods": [
                "UploadModel"
              ]
            },
            "WaitOperation": {
              "methods": [
                "WaitOperation"
              ]
            }
          }
        }
      }
    },
    "PipelineService": {
      "clients": {
        "grpc": {
          "libraryClient": "PipelineClient",
          "rpcs": {
            "CancelOperation": {
              "methods": [
                "CancelOperation"
              ]
            },
            "CancelPipelineJob": {
              "methods": [
                "CancelPipelineJob"
              ]
            },
            "CancelTrainingPipeline": {
              "methods": [
                "CancelTrainingPipeline"
              ]
            },
            "CreatePipelineJob": {
              "methods": [
                "CreatePipelineJob"
              ]
            },
            "CreateTrainingPipeline": {
              "methods": [
                "CreateTrainingPipeline"
              ]
            },
            "DeleteOperation": {
              "methods": [
                "DeleteOperation"
              ]
            },
            "DeletePipelineJob": {
              "methods": [
                "DeletePipelineJob"
              ]
            },
            "DeleteTrainingPipeline": {
              "methods": [
                "DeleteTrainingPipeline"
              ]
            },
            "GetIamPolicy": {
              "methods": [
                "GetIamPolicy"
              ]
            },
            "GetLocation": {
              "methods": [
                "GetLocation"
              ]
            },
            "GetOperation": {
              "methods": [
                "GetOperation"
              ]
            },
            "GetPipelineJob": {
              "methods": [
                "GetPipelineJob"
              ]
            },
            "GetTrainingPipeline": {
              "methods": [
                "GetTrainingPipeline"
              ]
            },
            "ListLocations": {
              "methods": [
                "ListLocations"
              ]
            },
            "ListOperations": {
              "methods": [
                "ListOperations"
              ]
            },
            "ListPipelineJobs": {
              "methods": [
                "ListPipelineJobs"
              ]
            },
            "ListTrainingPipelines": {
              "methods": [
                "ListTrainingPipelines"
              ]
            },
            "SetIamPolicy": {
              "methods": [
                "SetIamPolicy"
              ]
            },
            "TestIamPermissions": {
              "methods": [
                "TestIamPermissions"
              ]
            },
            "WaitOperation": {
              "methods": [
                "WaitOperation"
              ]
            }
          }
        }
      }
    },
    "PredictionService": {
      "clients": {
        "grpc": {
          "libraryClient": "PredictionClient",
          "rpcs": {
            "CancelOperation": {
              "methods": [
                "CancelOperation"
              ]
            },
            "DeleteOperation": {
              "methods": [
                "DeleteOperation"
              ]
            },
            "Explain": {
              "methods": [
                "Explain"
              ]
            },
            "GetIamPolicy": {
              "methods": [
                "GetIamPolicy"
              ]
            },
            "GetLocation": {
              "methods": [
                "GetLocation"
              ]
            },
            "GetOperation": {
              "methods": [
                "GetOperation"
              ]
            },
            "ListLocations": {
              "methods": [
                "ListLocations"
              ]
            },
            "ListOperations": {
              "methods": [
                "ListOperations"
              ]
            },
            "Predict": {
              "methods": [
                "Predict"
              ]
            },
            "RawPredict": {
              "methods": [
                "RawPredict"
              ]
            },
            "SetIamPolicy": {
              "methods": [
                "SetIamPolicy"
              ]
            },
            "TestIamPermissions": {
              "methods": [
                "TestIamPermissions"
              ]
            },
            "WaitOperation": {
              "methods": [
                "WaitOperation"
              ]
            }
          }
        }
      }
    },
    "SpecialistPoolService": {
      "clients": {
        "grpc": {
          "libraryClient": "SpecialistPoolClient",
          "rpcs": {
            "CancelOperation": {
              "methods": [
                "CancelOperation"
              ]
            },
            "CreateSpecialistPool": {
              "methods": [
                "CreateSpecialistPool"
              ]
            },
            "DeleteOperation": {
              "methods": [
                "DeleteOperation"
              ]
            },
            "DeleteSpecialistPool": {
              "methods": [
                "DeleteSpecialistPool"
              ]
            },
            "GetIamPolicy": {
              "methods": [
                "GetIamPolicy"
              ]
            },
            "GetLocation": {
              "methods": [
                "GetLocation"
              ]
            },
            "GetOperation": {
              "methods": [
                "GetOperation"
              ]
            },
            "GetSpecialistPool": {
              "methods": [
                "GetSpecialistPool"
              ]
            },
            "ListLocations": {
              "methods": [
                "ListLocations"
              ]
            },
            "ListOperations": {
              "methods": [
                "ListOperations"
              ]
            },
            "ListSpecialistPools": {
              "methods": [
                "ListSpecialistPools"
              ]
            },
            "SetIamPolicy": {
              "methods": [
                "SetIamPolicy"
              ]
            },
            "TestIamPermissions": {
              "methods": [
                "TestIamPermissions"
              ]
            },
            "UpdateSpecialistPool": {
              "methods": [
                "UpdateSpecialistPool"
              ]
            },
            "WaitOperation": {
              "methods": [
                "WaitOperation"
              ]
            }
          }
        }
      }
    },
    "TensorboardService": {
      "clients": {
        "grpc": {
          "libraryClient": "TensorboardClient",
          "rpcs": {
            "BatchCreateTensorboardRuns": {
              "methods": [
                "BatchCreateTensorboardRuns"
              ]
            },
            "BatchCreateTensorboardTimeSeries": {
              "methods": [
                "BatchCreateTensorboardTimeSeries"
              ]
            },
            "BatchReadTensorboardTimeSeriesData": {
              "methods": [
                "BatchReadTensorboardTimeSeriesData"
              ]
            },
            "CancelOperation": {
              "methods": [
                "CancelOperation"
              ]
            },
            "CreateTensorboard": {
              "methods": [
                "CreateTensorboard"
              ]
            },
            "CreateTensorboardExperiment": {
              "methods": [
                "CreateTensorboardExperiment"
              ]
            },
            "CreateTensorboardRun": {
              "methods": [
                "CreateTensorboardRun"
              ]
            },
            "CreateTensorboardTimeSeries": {
              "methods": [
                "CreateTensorboardTimeSeries"
              ]
            },
            "DeleteOperation": {
              "methods": [
                "DeleteOperation"
              ]
            },
            "DeleteTensorboard": {
              "methods": [
                "DeleteTensorboard"
              ]
            },
            "DeleteTensorboardExperiment": {
              "methods": [
                "DeleteTensorboardExperiment"
              ]
            },
            "DeleteTensorboardRun": {
              "methods": [
                "DeleteTensorboardRun"
              ]
            },
            "DeleteTensorboardTimeSeries": {
              "methods": [
                "DeleteTensorboardTimeSeries"
              ]
            },
            "ExportTensorboardTimeSeriesData": {
              "methods": [
                "ExportTensorboardTimeSeriesData"
              ]
            },
            "GetIamPolicy": {
              "methods": [
                "GetIamPolicy"
              ]
            },
            "GetLocation": {
              "methods": [
                "GetLocation"
              ]
            },
            "GetOperation": {
              "methods": [
                "GetOperation"
              ]
            },
            "GetTensorboard": {
              "methods": [
                "GetTensorboard"
              ]
            },
            "GetTensorboardExperiment": {
              "methods": [
                "GetTensorboardExperiment"
              ]
            },
            "GetTensorboardRun": {
              "methods": [
                "GetTensorboardRun"
              ]
            },
            "GetTensorboardTimeSeries": {
              "methods": [
                "GetTensorboardTimeSeries"
              ]
            },
            "ListLocations": {
              "methods": [
                "ListLocations"
              ]
            },
            "ListOperations": {
              "methods": [
                "ListOperations"
              ]
            },
            "ListTensorboardExperiments": {
              "methods": [
                "ListTensorboardExperiments"
              ]
            },
            "ListTensorboardRuns": {
              "methods": [
                "ListTensorboardRuns"
              ]
            },
            "ListTensorboardTimeSeries": {
              "methods": [
                "ListTensorboardTimeSeries"
              ]
            },
            "ListTensorboards": {
              "methods": [
                "ListTensorboards"
              ]
            },
            "ReadTensorboardBlobData": {
              "methods": [
                "ReadTensorboardBlobData"
              ]
            },
            "ReadTensorboardTimeSeriesData": {
              "methods": [
                "ReadTensorboardTimeSeriesData"
              ]
            },
            "SetIamPolicy": {
              "methods": [
                "SetIamPolicy"
              ]
            },
            "TestIamPermissions": {
              "methods": [
                "TestIamPermissions"
              ]
            },
            "UpdateTensorboard": {
              "methods": [
                "UpdateTensorboard"
              ]
            },
            "UpdateTensorboardExperiment": {
              "methods": [
                "UpdateTensorboardExperiment"
              ]
            },
            "UpdateTensorboardRun": {
              "methods": [
                "UpdateTensorboardRun"
              ]
            },
            "UpdateTensorboardTimeSeries": {
              "methods": [
                "UpdateTensorboardTimeSeries"
              ]
            },
            "WaitOperation": {
              "methods": [
                "WaitOperation"
              ]
            },
            "WriteTensorboardExperimentData": {
              "methods": [
                "WriteTensorboardExperimentData"
              ]
            },
            "WriteTensorboardRunData": {
              "methods": [
                "WriteTensorboardRunData"
              ]
            }
          }
        }
      }
    },
    "VizierService": {
      "clients": {
        "grpc": {
          "libraryClient": "VizierClient",
          "rpcs": {
            "AddTrialMeasurement": {
              "methods": [
                "AddTrialMeasurement"
              ]
            },
            "CancelOperation": {
              "methods": [
                "CancelOperation"
              ]
            },
            "CheckTrialEarlyStoppingState": {
              "methods": [
                "CheckTrialEarlyStoppingState"
              ]
            },
            "CompleteTrial": {
              "methods": [
                "CompleteTrial"
              ]
            },
            "CreateStudy": {
              "methods": [
                "CreateStudy"
              ]
            },
            "CreateTrial": {
              "methods": [
                "CreateTrial"
              ]
            },
            "DeleteOperation": {
              "methods": [
                "DeleteOperation"
              ]
            },
            "DeleteStudy": {
              "methods": [
                "DeleteStudy"
              ]
            },
            "DeleteTrial": {
              "methods": [
                "DeleteTrial"
              ]
            },
            "GetIamPolicy": {
              "methods": [
                "GetIamPolicy"
              ]
            },
            "GetLocation": {
              "methods": [
                "GetLocation"
              ]
            },
            "GetOperation": {
              "methods": [
                "GetOperation"
              ]
            },
            "GetStudy": {
              "methods": [
                "GetStudy"
              ]
            },
            "GetTrial": {
              "methods": [
                "GetTrial"
              ]
            },
            "ListLocations": {
              "methods": [
                "ListLocations"
              ]
            },
            "ListOperations": {
              "methods": [
                "ListOperations"
              ]
            },
            "ListOptimalTrials": {
              "methods": [
                "ListOptimalTrials"
              ]
            },
            "ListStudies": {
              "methods": [
                "ListStudies"
              ]
            },
            "ListTrials": {
              "methods": [
                "ListTrials"
              ]
            },
            "LookupStudy": {
              "methods": [
                "LookupStudy"
              ]
            },
            "SetIamPolicy": {
              "methods": [
                "SetIamPolicy"
              ]
            },
            "StopTrial": {
              "methods": [
                "StopTrial"
              ]
            },
            "SuggestTrials": {
              "methods": [
                "SuggestTrials"
              ]
            },
            "TestIamPermissions": {
              "methods": [
                "TestIamPermissions"
              ]
            },
            "WaitOperation": {
              "methods": [
                "WaitOperation"
              ]
            }
          }
        }
      }
    }
  }
}
