{
  "schema": "1.0",
  "comment": "This file maps proto services/RPCs to the corresponding library clients/methods.",
  "language": "go",
  "protoPackage": "google.cloud.memcache.v1",
  "libraryPackage": "cloud.google.com/go/memcache/apiv1",
  "services": {
    "CloudMemcache": {
      "clients": {
        "grpc": {
          "libraryClient": "CloudMemcacheClient",
          "rpcs": {
            "ApplyParameters": {
              "methods": [
                "ApplyParameters"
              ]
            },
            "CreateInstance": {
              "methods": [
                "CreateInstance"
              ]
            },
            "DeleteInstance": {
              "methods": [
                "DeleteInstance"
              ]
            },
            "GetInstance": {
              "methods": [
                "GetInstance"
              ]
            },
            "ListInstances": {
              "methods": [
                "ListInstances"
              ]
            },
            "UpdateInstance": {
              "methods": [
                "UpdateInstance"
              ]
            },
            "UpdateParameters": {
              "methods": [
                "UpdateParameters"
              ]
            }
          }
        }
      }
    }
  }
}
