{
  "schema": "1.0",
  "comment": "This file maps proto services/RPCs to the corresponding library clients/methods.",
  "language": "go",
  "protoPackage": "google.cloud.videointelligence.v1p3beta1",
  "libraryPackage": "cloud.google.com/go/videointelligence/apiv1p3beta1",
  "services": {
    "StreamingVideoIntelligenceService": {
      "clients": {
        "grpc": {
          "libraryClient": "StreamingVideoIntelligenceClient",
          "rpcs": {
            "StreamingAnnotateVideo": {
              "methods": [
                "StreamingAnnotateVideo"
              ]
            }
          }
        },
        "rest": {
          "libraryClient": "StreamingVideoIntelligenceClient",
          "rpcs": {
            "StreamingAnnotateVideo": {
              "methods": [
                "StreamingAnnotateVideo"
              ]
            }
          }
        }
      }
    },
    "VideoIntelligenceService": {
      "clients": {
        "grpc": {
          "libraryClient": "Client",
          "rpcs": {
            "AnnotateVideo": {
              "methods": [
                "AnnotateVideo"
              ]
            }
          }
        },
        "rest": {
          "libraryClient": "Client",
          "rpcs": {
            "AnnotateVideo": {
              "methods": [
                "AnnotateVideo"
              ]
            }
          }
        }
      }
    }
  }
}
