{
  "schema": "1.0",
  "comment": "This file maps proto services/RPCs to the corresponding library clients/methods.",
  "language": "go",
  "protoPackage": "google.maps.addressvalidation.v1",
  "libraryPackage": "cloud.google.com/go/maps/addressvalidation/apiv1",
  "services": {
    "AddressValidation": {
      "clients": {
        "grpc": {
          "libraryClient": "Client",
          "rpcs": {
            "ProvideValidationFeedback": {
              "methods": [
                "ProvideValidationFeedback"
              ]
            },
            "ValidateAddress": {
              "methods": [
                "ValidateAddress"
              ]
            }
          }
        }
      }
    }
  }
}
