{
  "schema": "1.0",
  "comment": "This file maps proto services/RPCs to the corresponding library clients/methods.",
  "language": "go",
  "protoPackage": "google.cloud.documentai.v1beta3",
  "libraryPackage": "cloud.google.com/go/documentai/apiv1beta3",
  "services": {
    "DocumentProcessorService": {
      "clients": {
        "grpc": {
          "libraryClient": "DocumentProcessorClient",
          "rpcs": {
            "BatchProcessDocuments": {
              "methods": [
                "BatchProcessDocuments"
              ]
            },
            "CancelOperation": {
              "methods": [
                "CancelOperation"
              ]
            },
            "CreateProcessor": {
              "methods": [
                "CreateProcessor"
              ]
            },
            "DeleteProcessor": {
              "methods": [
                "DeleteProcessor"
              ]
            },
            "DeleteProcessorVersion": {
              "methods": [
                "DeleteProcessorVersion"
              ]
            },
            "DeployProcessorVersion": {
              "methods": [
                "DeployProcessorVersion"
              ]
            },
            "DisableProcessor": {
              "methods": [
                "DisableProcessor"
              ]
            },
            "EnableProcessor": {
              "methods": [
                "EnableProcessor"
              ]
            },
            "FetchProcessorTypes": {
              "methods": [
                "FetchProcessorTypes"
              ]
            },
            "GetLocation": {
              "methods": [
                "GetLocation"
              ]
            },
            "GetOperation": {
              "methods": [
                "GetOperation"
              ]
            },
            "GetProcessor": {
              "methods": [
                "GetProcessor"
              ]
            },
            "GetProcessorVersion": {
              "methods": [
                "GetProcessorVersion"
              ]
            },
            "ListLocations": {
              "methods": [
                "ListLocations"
              ]
            },
            "ListOperations": {
              "methods": [
                "ListOperations"
              ]
            },
            "ListProcessorTypes": {
              "methods": [
                "ListProcessorTypes"
              ]
            },
            "ListProcessorVersions": {
              "methods": [
                "ListProcessorVersions"
              ]
            },
            "ListProcessors": {
              "methods": [
                "ListProcessors"
              ]
            },
            "ProcessDocument": {
              "methods": [
                "ProcessDocument"
              ]
            },
            "ReviewDocument": {
              "methods": [
                "ReviewDocument"
              ]
            },
            "SetDefaultProcessorVersion": {
              "methods": [
                "SetDefaultProcessorVersion"
              ]
            },
            "UndeployProcessorVersion": {
              "methods": [
                "UndeployProcessorVersion"
              ]
            }
          }
        },
        "rest": {
          "libraryClient": "DocumentProcessorClient",
          "rpcs": {
            "BatchProcessDocuments": {
              "methods": [
                "BatchProcessDocuments"
              ]
            },
            "CancelOperation": {
              "methods": [
                "CancelOperation"
              ]
            },
            "CreateProcessor": {
              "methods": [
                "CreateProcessor"
              ]
            },
            "DeleteProcessor": {
              "methods": [
                "DeleteProcessor"
              ]
            },
            "DeleteProcessorVersion": {
              "methods": [
                "DeleteProcessorVersion"
              ]
            },
            "DeployProcessorVersion": {
              "methods": [
                "DeployProcessorVersion"
              ]
            },
            "DisableProcessor": {
              "methods": [
                "DisableProcessor"
              ]
            },
            "EnableProcessor": {
              "methods": [
                "EnableProcessor"
              ]
            },
            "FetchProcessorTypes": {
              "methods": [
                "FetchProcessorTypes"
              ]
            },
            "GetLocation": {
              "methods": [
                "GetLocation"
              ]
            },
            "GetOperation": {
              "methods": [
                "GetOperation"
              ]
            },
            "GetProcessor": {
              "methods": [
                "GetProcessor"
              ]
            },
            "GetProcessorVersion": {
              "methods": [
                "GetProcessorVersion"
              ]
            },
            "ListLocations": {
              "methods": [
                "ListLocations"
              ]
            },
            "ListOperations": {
              "methods": [
                "ListOperations"
              ]
            },
            "ListProcessorTypes": {
              "methods": [
                "ListProcessorTypes"
              ]
            },
            "ListProcessorVersions": {
              "methods": [
                "ListProcessorVersions"
              ]
            },
            "ListProcessors": {
              "methods": [
                "ListProcessors"
              ]
            },
            "ProcessDocument": {
              "methods": [
                "ProcessDocument"
              ]
            },
            "ReviewDocument": {
              "methods": [
                "ReviewDocument"
              ]
            },
            "SetDefaultProcessorVersion": {
              "methods": [
                "SetDefaultProcessorVersion"
              ]
            },
            "UndeployProcessorVersion": {
              "methods": [
                "UndeployProcessorVersion"
              ]
            }
          }
        }
      }
    }
  }
}
