{
  "schema": "1.0",
  "comment": "This file maps proto services/RPCs to the corresponding library clients/methods.",
  "language": "go",
  "protoPackage": "google.cloud.dataplex.v1",
  "libraryPackage": "cloud.google.com/go/dataplex/apiv1",
  "services": {
    "ContentService": {
      "clients": {
        "grpc": {
          "libraryClient": "ContentClient",
          "rpcs": {
            "CancelOperation": {
              "methods": [
                "CancelOperation"
              ]
            },
            "CreateContent": {
              "methods": [
                "CreateContent"
              ]
            },
            "DeleteContent": {
              "methods": [
                "DeleteContent"
              ]
            },
            "DeleteOperation": {
              "methods": [
                "DeleteOperation"
              ]
            },
            "GetContent": {
              "methods": [
                "GetContent"
              ]
            },
            "GetIamPolicy": {
              "methods": [
                "GetIamPolicy"
              ]
            },
            "GetLocation": {
              "methods": [
                "GetLocation"
              ]
            },
            "GetOperation": {
              "methods": [
                "GetOperation"
              ]
            },
            "ListContent": {
              "methods": [
                "ListContent"
              ]
            },
            "ListLocations": {
              "methods": [
                "ListLocations"
              ]
            },
            "ListOperations": {
              "methods": [
                "ListOperations"
              ]
            },
            "SetIamPolicy": {
              "methods": [
                "SetIamPolicy"
              ]
            },
            "TestIamPermissions": {
              "methods": [
                "TestIamPermissions"
              ]
            },
            "UpdateContent": {
              "methods": [
                "UpdateContent"
              ]
            }
          }
        }
      }
    },
    "DataScanService": {
      "clients": {
        "grpc": {
          "libraryClient": "DataScanClient",
          "rpcs": {
            "CancelOperation": {
              "methods": [
                "CancelOperation"
              ]
            },
            "CreateDataScan": {
              "methods": [
                "CreateDataScan"
              ]
            },
            "DeleteDataScan": {
              "methods": [
                "DeleteDataScan"
              ]
            },
            "DeleteOperation": {
              "methods": [
                "DeleteOperation"
              ]
            },
            "GetDataScan": {
              "methods": [
                "GetDataScan"
              ]
            },
            "GetDataScanJob": {
              "methods": [
                "GetDataScanJob"
              ]
            },
            "GetLocation": {
              "methods": [
                "GetLocation"
              ]
            },
            "GetOperation": {
              "methods": [
                "GetOperation"
              ]
            },
            "ListDataScanJobs": {
              "methods": [
                "ListDataScanJobs"
              ]
            },
            "ListDataScans": {
              "methods": [
                "ListDataScans"
              ]
            },
            "ListLocations": {
              "methods": [
                "ListLocations"
              ]
            },
            "ListOperations": {
              "methods": [
                "ListOperations"
              ]
            },
            "RunDataScan": {
              "methods": [
                "RunDataScan"
              ]
            },
            "UpdateDataScan": {
              "methods": [
                "UpdateDataScan"
              ]
            }
          }
        }
      }
    },
    "DataplexService": {
      "clients": {
        "grpc": {
          "libraryClient": "Client",
          "rpcs": {
            "CancelJob": {
              "methods": [
                "CancelJob"
              ]
            },
            "CancelOperation": {
              "methods": [
                "CancelOperation"
              ]
            },
            "CreateAsset": {
              "methods": [
                "CreateAsset"
              ]
            },
            "CreateEnvironment": {
              "methods": [
                "CreateEnvironment"
              ]
            },
            "CreateLake": {
              "methods": [
                "CreateLake"
              ]
            },
            "CreateTask": {
              "methods": [
                "CreateTask"
              ]
            },
            "CreateZone": {
              "methods": [
                "CreateZone"
              ]
            },
            "DeleteAsset": {
              "methods": [
                "DeleteAsset"
              ]
            },
            "DeleteEnvironment": {
              "methods": [
                "DeleteEnvironment"
              ]
            },
            "DeleteLake": {
              "methods": [
                "DeleteLake"
              ]
            },
            "DeleteOperation": {
              "methods": [
                "DeleteOperation"
              ]
            },
            "DeleteTask": {
              "methods": [
                "DeleteTask"
              ]
            },
            "DeleteZone": {
              "methods": [
                "DeleteZone"
              ]
            },
            "GetAsset": {
              "methods": [
                "GetAsset"
              ]
            },
            "GetEnvironment": {
              "methods": [
                "GetEnvironment"
              ]
            },
            "GetJob": {
              "methods": [
                "GetJob"
              ]
            },
            "GetLake": {
              "methods": [
                "GetLake"
              ]
            },
            "GetLocation": {
              "methods": [
                "GetLocation"
              ]
            },
            "GetOperation": {
              "methods": [
                "GetOperation"
              ]
            },
            "GetTask": {
              "methods": [
                "GetTask"
              ]
            },
            "GetZone": {
              "methods": [
                "GetZone"
              ]
            },
            "ListAssetActions": {
              "methods": [
                "ListAssetActions"
              ]
            },
            "ListAssets": {
              "methods": [
                "ListAssets"
              ]
            },
            "ListEnvironments": {
              "methods": [
                "ListEnvironments"
              ]
            },
            "ListJobs": {
              "methods": [
                "ListJobs"
              ]
            },
            "ListLakeActions": {
              "methods": [
                "ListLakeActions"
              ]
            },
            "ListLakes": {
              "methods": [
                "ListLakes"
              ]
            },
            "ListLocations": {
              "methods": [
                "ListLocations"
              ]
            },
            "ListOperations": {
              "methods": [
                "ListOperations"
              ]
            },
            "ListSessions": {
              "methods": [
                "ListSessions"
              ]
            },
            "ListTasks": {
              "methods": [
                "ListTasks"
              ]
            },
            "ListZoneActions": {
              "methods": [
                "ListZoneActions"
              ]
            },
            "ListZones": {
              "methods": [
                "ListZones"
              ]
            },
            "UpdateAsset": {
              "methods": [
                "UpdateAsset"
              ]
            },
            "UpdateEnvironment": {
              "methods": [
                "UpdateEnvironment"
              ]
            },
            "UpdateLake": {
              "methods": [
                "UpdateLake"
              ]
            },
            "UpdateTask": {
              "methods": [
                "UpdateTask"
              ]
            },
            "UpdateZone": {
              "methods": [
                "UpdateZone"
              ]
            }
          }
        }
      }
    },
    "MetadataService": {
      "clients": {
        "grpc": {
          "libraryClient": "MetadataClient",
          "rpcs": {
            "CancelOperation": {
              "methods": [
                "CancelOperation"
              ]
            },
            "CreateEntity": {
              "methods": [
                "CreateEntity"
              ]
            },
            "CreatePartition": {
              "methods": [
                "CreatePartition"
              ]
            },
            "DeleteEntity": {
              "methods": [
                "DeleteEntity"
              ]
            },
            "DeleteOperation": {
              "methods": [
                "DeleteOperation"
              ]
            },
            "DeletePartition": {
              "methods": [
                "DeletePartition"
              ]
            },
            "GetEntity": {
              "methods": [
                "GetEntity"
              ]
            },
            "GetLocation": {
              "methods": [
                "GetLocation"
              ]
            },
            "GetOperation": {
              "methods": [
                "GetOperation"
              ]
            },
            "GetPartition": {
              "methods": [
                "GetPartition"
              ]
            },
            "ListEntities": {
              "methods": [
                "ListEntities"
              ]
            },
            "ListLocations": {
              "methods": [
                "ListLocations"
              ]
            },
            "ListOperations": {
              "methods": [
                "ListOperations"
              ]
            },
            "ListPartitions": {
              "methods": [
                "ListPartitions"
              ]
            },
            "UpdateEntity": {
              "methods": [
                "UpdateEntity"
              ]
            }
          }
        }
      }
    }
  }
}
