{
  "schema": "1.0",
  "comment": "This file maps proto services/RPCs to the corresponding library clients/methods.",
  "language": "go",
  "protoPackage": "google.cloud.resourcemanager.v2",
  "libraryPackage": "cloud.google.com/go/resourcemanager/apiv2",
  "services": {
    "Folders": {
      "clients": {
        "grpc": {
          "libraryClient": "FoldersClient",
          "rpcs": {
            "CreateFolder": {
              "methods": [
                "CreateFolder"
              ]
            },
            "DeleteFolder": {
              "methods": [
                "DeleteFolder"
              ]
            },
            "GetFolder": {
              "methods": [
                "GetFolder"
              ]
            },
            "GetIamPolicy": {
              "methods": [
                "GetIamPolicy"
              ]
            },
            "ListFolders": {
              "methods": [
                "ListFolders"
              ]
            },
            "MoveFolder": {
              "methods": [
                "MoveFolder"
              ]
            },
            "SearchFolders": {
              "methods": [
                "SearchFolders"
              ]
            },
            "SetIamPolicy": {
              "methods": [
                "SetIamPolicy"
              ]
            },
            "TestIamPermissions": {
              "methods": [
                "TestIamPermissions"
              ]
            },
            "UndeleteFolder": {
              "methods": [
                "UndeleteFolder"
              ]
            },
            "UpdateFolder": {
              "methods": [
                "UpdateFolder"
              ]
            }
          }
        },
        "rest": {
          "libraryClient": "FoldersClient",
          "rpcs": {
            "CreateFolder": {
              "methods": [
                "CreateFolder"
              ]
            },
            "DeleteFolder": {
              "methods": [
                "DeleteFolder"
              ]
            },
            "GetFolder": {
              "methods": [
                "GetFolder"
              ]
            },
            "GetIamPolicy": {
              "methods": [
                "GetIamPolicy"
              ]
            },
            "ListFolders": {
              "methods": [
                "ListFolders"
              ]
            },
            "MoveFolder": {
              "methods": [
                "MoveFolder"
              ]
            },
            "SearchFolders": {
              "methods": [
                "SearchFolders"
              ]
            },
            "SetIamPolicy": {
              "methods": [
                "SetIamPolicy"
              ]
            },
            "TestIamPermissions": {
              "methods": [
                "TestIamPermissions"
              ]
            },
            "UndeleteFolder": {
              "methods": [
                "UndeleteFolder"
              ]
            },
            "UpdateFolder": {
              "methods": [
                "UpdateFolder"
              ]
            }
          }
        }
      }
    }
  }
}
