{
  "schema": "1.0",
  "comment": "This file maps proto services/RPCs to the corresponding library clients/methods.",
  "language": "go",
  "protoPackage": "google.cloud.run.v2",
  "libraryPackage": "cloud.google.com/go/run/apiv2",
  "services": {
    "Revisions": {
      "clients": {
        "grpc": {
          "libraryClient": "RevisionsClient",
          "rpcs": {
            "DeleteOperation": {
              "methods": [
                "DeleteOperation"
              ]
            },
            "DeleteRevision": {
              "methods": [
                "DeleteRevision"
              ]
            },
            "GetOperation": {
              "methods": [
                "GetOperation"
              ]
            },
            "GetRevision": {
              "methods": [
                "GetRevision"
              ]
            },
            "ListOperations": {
              "methods": [
                "ListOperations"
              ]
            },
            "ListRevisions": {
              "methods": [
                "ListRevisions"
              ]
            }
          }
        }
      }
    },
    "Services": {
      "clients": {
        "grpc": {
          "libraryClient": "ServicesClient",
          "rpcs": {
            "CreateService": {
              "methods": [
                "CreateService"
              ]
            },
            "DeleteOperation": {
              "methods": [
                "DeleteOperation"
              ]
            },
            "DeleteService": {
              "methods": [
                "DeleteService"
              ]
            },
            "GetIamPolicy": {
              "methods": [
                "GetIamPolicy"
              ]
            },
            "GetOperation": {
              "methods": [
                "GetOperation"
              ]
            },
            "GetService": {
              "methods": [
                "GetService"
              ]
            },
            "ListOperations": {
              "methods": [
                "ListOperations"
              ]
            },
            "ListServices": {
              "methods": [
                "ListServices"
              ]
            },
            "SetIamPolicy": {
              "methods": [
                "SetIamPolicy"
              ]
            },
            "TestIamPermissions": {
              "methods": [
                "TestIamPermissions"
              ]
            },
            "UpdateService": {
              "methods": [
                "UpdateService"
              ]
            }
          }
        }
      }
    }
  }
}
