{
  "schema": "1.0",
  "comment": "This file maps proto services/RPCs to the corresponding library clients/methods.",
  "language": "go",
  "protoPackage": "google.cloud.memcache.v1beta2",
  "libraryPackage": "cloud.google.com/go/memcache/apiv1beta2",
  "services": {
    "CloudMemcache": {
      "clients": {
        "grpc": {
          "libraryClient": "CloudMemcacheClient",
          "rpcs": {
            "ApplyParameters": {
              "methods": [
                "ApplyParameters"
              ]
            },
            "ApplySoftwareUpdate": {
              "methods": [
                "ApplySoftwareUpdate"
              ]
            },
            "CancelOperation": {
              "methods": [
                "CancelOperation"
              ]
            },
            "CreateInstance": {
              "methods": [
                "CreateInstance"
              ]
            },
            "DeleteInstance": {
              "methods": [
                "DeleteInstance"
              ]
            },
            "DeleteOperation": {
              "methods": [
                "DeleteOperation"
              ]
            },
            "GetInstance": {
              "methods": [
                "GetInstance"
              ]
            },
            "GetLocation": {
              "methods": [
                "GetLocation"
              ]
            },
            "GetOperation": {
              "methods": [
                "GetOperation"
              ]
            },
            "ListInstances": {
              "methods": [
                "ListInstances"
              ]
            },
            "ListLocations": {
              "methods": [
                "ListLocations"
              ]
            },
            "ListOperations": {
              "methods": [
                "ListOperations"
              ]
            },
            "RescheduleMaintenance": {
              "methods": [
                "RescheduleMaintenance"
              ]
            },
            "UpdateInstance": {
              "methods": [
                "UpdateInstance"
              ]
            },
            "UpdateParameters": {
              "methods": [
                "UpdateParameters"
              ]
            }
          }
        },
        "rest": {
          "libraryClient": "CloudMemcacheClient",
          "rpcs": {
            "ApplyParameters": {
              "methods": [
                "ApplyParameters"
              ]
            },
            "ApplySoftwareUpdate": {
              "methods": [
                "ApplySoftwareUpdate"
              ]
            },
            "CancelOperation": {
              "methods": [
                "CancelOperation"
              ]
            },
            "CreateInstance": {
              "methods": [
                "CreateInstance"
              ]
            },
            "DeleteInstance": {
              "methods": [
                "DeleteInstance"
              ]
            },
            "DeleteOperation": {
              "methods": [
                "DeleteOperation"
              ]
            },
            "GetInstance": {
              "methods": [
                "GetInstance"
              ]
            },
            "GetLocation": {
              "methods": [
                "GetLocation"
              ]
            },
            "GetOperation": {
              "methods": [
                "GetOperation"
              ]
            },
            "ListInstances": {
              "methods": [
                "ListInstances"
              ]
            },
            "ListLocations": {
              "methods": [
                "ListLocations"
              ]
            },
            "ListOperations": {
              "methods": [
                "ListOperations"
              ]
            },
            "RescheduleMaintenance": {
              "methods": [
                "RescheduleMaintenance"
              ]
            },
            "UpdateInstance": {
              "methods": [
                "UpdateInstance"
              ]
            },
            "UpdateParameters": {
              "methods": [
                "UpdateParameters"
              ]
            }
          }
        }
      }
    }
  }
}
