{
  "schema": "1.0",
  "comment": "This file maps proto services/RPCs to the corresponding library clients/methods.",
  "language": "go",
  "protoPackage": "google.identity.accesscontextmanager.v1",
  "libraryPackage": "cloud.google.com/go/accesscontextmanager/apiv1",
  "services": {
    "AccessContextManager": {
      "clients": {
        "grpc": {
          "libraryClient": "Client",
          "rpcs": {
            "CommitServicePerimeters": {
              "methods": [
                "CommitServicePerimeters"
              ]
            },
            "CreateAccessLevel": {
              "methods": [
                "CreateAccessLevel"
              ]
            },
            "CreateAccessPolicy": {
              "methods": [
                "CreateAccessPolicy"
              ]
            },
            "CreateGcpUserAccessBinding": {
              "methods": [
                "CreateGcpUserAccessBinding"
              ]
            },
            "CreateServicePerimeter": {
              "methods": [
                "CreateServicePerimeter"
              ]
            },
            "DeleteAccessLevel": {
              "methods": [
                "DeleteAccessLevel"
              ]
            },
            "DeleteAccessPolicy": {
              "methods": [
                "DeleteAccessPolicy"
              ]
            },
            "DeleteGcpUserAccessBinding": {
              "methods": [
                "DeleteGcpUserAccessBinding"
              ]
            },
            "DeleteServicePerimeter": {
              "methods": [
                "DeleteServicePerimeter"
              ]
            },
            "GetAccessLevel": {
              "methods": [
                "GetAccessLevel"
              ]
            },
            "GetAccessPolicy": {
              "methods": [
                "GetAccessPolicy"
              ]
            },
            "GetGcpUserAccessBinding": {
              "methods": [
                "GetGcpUserAccessBinding"
              ]
            },
            "GetServicePerimeter": {
              "methods": [
                "GetServicePerimeter"
              ]
            },
            "ListAccessLevels": {
              "methods": [
                "ListAccessLevels"
              ]
            },
            "ListAccessPolicies": {
              "methods": [
                "ListAccessPolicies"
              ]
            },
            "ListGcpUserAccessBindings": {
              "methods": [
                "ListGcpUserAccessBindings"
              ]
            },
            "ListServicePerimeters": {
              "methods": [
                "ListServicePerimeters"
              ]
            },
            "ReplaceAccessLevels": {
              "methods": [
                "ReplaceAccessLevels"
              ]
            },
            "ReplaceServicePerimeters": {
              "methods": [
                "ReplaceServicePerimeters"
              ]
            },
            "UpdateAccessLevel": {
              "methods": [
                "UpdateAccessLevel"
              ]
            },
            "UpdateAccessPolicy": {
              "methods": [
                "UpdateAccessPolicy"
              ]
            },
            "UpdateGcpUserAccessBinding": {
              "methods": [
                "UpdateGcpUserAccessBinding"
              ]
            },
            "UpdateServicePerimeter": {
              "methods": [
                "UpdateServicePerimeter"
              ]
            }
          }
        }
      }
    }
  }
}
