{
  "schema": "1.0",
  "comment": "This file maps proto services/RPCs to the corresponding library clients/methods.",
  "language": "go",
  "protoPackage": "google.cloud.vpcaccess.v1",
  "libraryPackage": "cloud.google.com/go/vpcaccess/apiv1",
  "services": {
    "VpcAccessService": {
      "clients": {
        "grpc": {
          "libraryClient": "Client",
          "rpcs": {
            "CreateConnector": {
              "methods": [
                "CreateConnector"
              ]
            },
            "DeleteConnector": {
              "methods": [
                "DeleteConnector"
              ]
            },
            "GetConnector": {
              "methods": [
                "GetConnector"
              ]
            },
            "GetOperation": {
              "methods": [
                "GetOperation"
              ]
            },
            "ListConnectors": {
              "methods": [
                "ListConnectors"
              ]
            },
            "ListLocations": {
              "methods": [
                "ListLocations"
              ]
            },
            "ListOperations": {
              "methods": [
                "ListOperations"
              ]
            }
          }
        },
        "rest": {
          "libraryClient": "Client",
          "rpcs": {
            "CreateConnector": {
              "methods": [
                "CreateConnector"
              ]
            },
            "DeleteConnector": {
              "methods": [
                "DeleteConnector"
              ]
            },
            "GetConnector": {
              "methods": [
                "GetConnector"
              ]
            },
            "GetOperation": {
              "methods": [
                "GetOperation"
              ]
            },
            "ListConnectors": {
              "methods": [
                "ListConnectors"
              ]
            },
            "ListLocations": {
              "methods": [
                "ListLocations"
              ]
            },
            "ListOperations": {
              "methods": [
                "ListOperations"
              ]
            }
          }
        }
      }
    }
  }
}
