r9>9$r|r"5# r|r49#$r|r3?>6r
10974441875307669990
a`jhi|aijae|a`fgi|a~`
2057357038494763802
a`jhi|aijae|aa`dh|a~`
2057357038531663802
a`jhi|aijae|a`fcc|a~`
2057357038490163802
a`jhi|aijae|a``f`|a~`
2057357038432863802
a`jhi|aijae|aaab`|a~`
2057357038538863802
a`jhi|aijae|a``ce|a~`
2057357038430363802
a`jhi|aijae|aaacd|a~`
2057357038540263802
a`jhi|aijae|a`c``|a~`
2057357038456863802
a`jhi|aijae|a`ach|a~`
2057357038440663802
a`jhi|aijae|aa`ae|a~`
2057357038528363802
a`jhi|aijae|a`g`h|a~`
2057357038497663802
a`jhi|aijae|a`bfi|a~`
2057357038453763802
a`jhi|aijae|a`gbd|a~`
2057357038499263802
a`jhi|aijae|a`g`h|a~`
2057357038497663802
a`jhi|aijae|a`gbi|a~`
2057357038499763802
a`jhi|aijae|a`bgh|a~`
2057357038454663802
a`jhi|aijae|a`bfg|a~`
2057357038453563802
a`jhi|aijae|a`gcf|a~`
2057357038500463802
a`jhi|aijae|a`gbi|a~`
2057357038499763802
a`jhi|aijae|aaahf|a~`
2057357038545463802
a`jhi|aijae|a`c``|a~`
2057357038456863802
a`jhi|aijae|aaaaa|a~`
2057357038537963802
a`jhi|aijae|a`bb`|a~`
2057357038448863802
a`jhi|aijae|a`ahb|a~`
2057357038445063802
a`jhi|aijae|a`ccb|a~`
2057357038460063802
a`jhi|aijae|a`bbi|a~`
2057357038449763802
a`jhi|aijae|a`g`a|a~`
2057357038496963802
a`jhi|aijae|a`gbb|a~`
2057357038499063802
a`jhi|aijae|a`bhh|a~`
2057357038455663802
a`jhi|aijae|a`adg|a~`
2057357038441563802
a`jhi|aijae|a`bfg|a~`
2057357038453563802
a`jhi|aijae|a`eic|a~`
2057357038486163802
a`jhi|aijae|a`ccb|a~`
2057357038460063802
a`jhi|aijae|igci|a~`
205735704716551066
a`jhi|aijae|a`cba|a~`
2057357038458963802
a`jhi|aijae|a`g`e|a~`
2057357038497363802
a`jhi|aijae|a`bdh|a~`
2057357038451663802
a`jhi|aijae|a`bdf|a~`
2057357038451463802
a`jhi|aijae|iiei|a~`
205735704738551066
a`jhi|aijae|a`gfi|a~`
2057357038503763802
a`jhi|aijae|iiga|a~`
205735704739751066
a`jhi|aijae|a`bec|a~`
2057357038452163802
a`jhi|aijae|a`bhh|a~`
2057357038455663802
a`jhi|aijae|a`gbd|a~`
2057357038499263802
a`jhi|aijae|aaafe|a~`
2057357038543363802
a`jhi|aijae|a`bga|a~`
2057357038453963802
a`jhi|aijae|a`bec|a~`
2057357038452163802
a`jhi|aijae|a`bhc|a~`
2057357038455163802
a`jhi|aijae|a`cfe|a~`
2057357038463363802
a`jhi|aijae|a`gbb|a~`
2057357038499063802
a`jhi|aijae|a`cg`|a~`
2057357038463863802
a`jhi|aijae|a`e`d|a~`
2057357038477263802
a`jhi|aijae|a`fcg|a~`
2057357038490563802
a`jhi|aijae|a`cbe|a~`
2057357038459363802
a`jhi|aijae|aaahf|a~`
2057357038545463802
a`jhi|aijae|aaagi|a~`
2057357038544763802
a`jhi|aijae|a`gdg|a~`
2057357038501563802
a`jhi|aijae|a`bib|a~`
2057357038456063802
a`jhi|aijae|a`chb|a~`
2057357038465063802
a`jhi|aijae|a`gbi|a~`
2057357038499763802
a`jhi|aijae|a`cgi|a~`
2057357038464763802
a`jhi|aijae|a`gae|a~`
2057357038498363802
a`jhi|aijae|a`gca|a~`
2057357038499963802
a`jhi|aijae|a`ach|a~`
2057357038440663802
a`jhi|aijae|a`geb|a~`
2057357038502063802
a`jhi|aijae|a`c`i|a~`
2057357038457763802
a`jhi|aijae|a`bfb|a~`
2057357038453063802
a`jhi|aijae|a`bhh|a~`
2057357038455663802
a`jhi|aijae|a`c`g|a~`
2057357038457563802
a`jhi|aijae|a`bfb|a~`
2057357038453063802
a`jhi|aijae|aaede|a~`
2057357038581363802
a`jhi|aijae|a`ffc|a~`
2057357038493163802
a`jhi|aijae|a`bfb|a~`
2057357038453063802
a`jhi|aijae|a`bfg|a~`
2057357038453563802
a`jhi|aijae|a`g`c|a~`
2057357038497163802
a`jhi|aijae|a`ged|a~`
2057357038502263802
a`jhi|aijae|a`geg|a~`
2057357038502563802
a`jhi|aijae|a`cg`|a~`
2057357038463863802
a`jhi|aijae|a`cci|a~`
2057357038460763802
a`jhi|aijae|aaaih|a~`
2057357038546663802
a`jhi|aijae|a`hah|a~`
2057357038508663802
a`jhi|aijae|a`bgf|a~`
2057357038454463802
a`jhi|aijae|a`cah|a~`
2057357038458663802
a`jhi|aijae|a`cge|a~`
2057357038464363802
a`jhi|aijae|a```d|a~`
2057357038427263802
a`jhi|aijae|a`ghc|a~`
2057357038505163802
a`jhi|aijae|a`bda|a~`
2057357038450963802
a`jhi|aijae|a`bcd|a~`
2057357038450263802
a`jhi|aijae|a`cia|a~`
2057357038465963802
a`jhi|aijae|a`cc`|a~`
2057357038459863802
a`jhi|aijae|a`cbc|a~`
2057357038459163802
a`jhi|aijae|a`bgh|a~`
2057357038454663802
a`jhi|aijae|a`cf`|a~`
2057357038462863802
a`jhi|aijae|a`cfh|a~`
2057357038463663802
a`jhi|aijae|a`cgi|a~`
2057357038464763802
a`jhi|aijae|a`bhh|a~`
2057357038455663802
a`jhi|aijae|aaaec|a~`
2057357038542163802
a`jhi|aijae|a`fed|a~`
2057357038492263802
a`jhi|aijae|a`gae|a~`
2057357038498363802
a`jhi|aijae|a`agc|a~`
2057357038444163802
a`jhi|aijae|a`bbi|a~`
2057357038449763802
a`jhi|aijae|a`bec|a~`
2057357038452163802
a`jhi|aijae|a```b|a~`
2057357038427063802
a`jhi|aijae|a`bhe|a~`
2057357038455363802
a`jhi|aijae|a`fia|a~`
2057357038495963802
a`jhi|aijae|a`gcf|a~`
2057357038500463802
a`jhi|aijae|a`gch|a~`
2057357038500663802
a`jhi|aijae|a`gfb|a~`
2057357038503063802
a`jhi|aijae|a`gdg|a~`
2057357038501563802
a`jhi|aijae|a`ged|a~`
2057357038502263802
a`jhi|aijae|a`gch|a~`
2057357038500663802
a`jhi|aijae|a`bgh|a~`
2057357038454663802
a`jhi|aijae|a`bci|a~`
2057357038450763802
a`jhi|aijae|a`gga|a~`
2057357038503963802
a`jhi|aijae|aaadh|a~`
2057357038541663802
a`jhi|aijae|a`chd|a~`
2057357038465263802
a`jhi|aijae|a`c`i|a~`
2057357038457763802
a`jhi|aijae|a`geg|a~`
2057357038502563802
a`jhi|aijae|a`big|a~`
2057357038456563802
a`jhi|aijae|a`ffc|a~`
2057357038493163802
a`jhi|aijae|a`hbb|a~`
2057357038509063802
a`jhi|aijae|aab``|a~`
2057357038546863802
a`jhi|aijae|a`gcc|a~`
2057357038500163802
a`jhi|aijae|a`gai|a~`
2057357038498763802
a`jhi|aijae|aaagi|a~`
2057357038544763802
a`jhi|aijae|a`ge`|a~`
2057357038501863802
a`jhi|aijae|aaag`|a~`
2057357038543863802
a`jhi|aijae|a``di|a~`
2057357038431763802
a`jhi|aijae|a`gfi|a~`
2057357038503763802
a`jhi|aijae|a`cia|a~`
2057357038465963802
a`jhi|aijae|a`cgg|a~`
2057357038464563802
a`jhi|aijae|aa`ie|a~`
2057357038536363802
a`jhi|aijae|a`be`|a~`
2057357038451863802
a`jhi|aijae|a`gca|a~`
2057357038499963802
a`jhi|aijae|a`d`c|a~`
2057357038467163802
a`jhi|aijae|a`hac|a~`
2057357038508163802
a`jhi|aijae|aaacg|a~`
2057357038540563802
a`jhi|aijae|aaaih|a~`
2057357038546663802
a`jhi|aijae|a`gca|a~`
2057357038499963802
a`jhi|aijae|a`big|a~`
2057357038456563802
a`jhi|aijae|a`bhh|a~`
2057357038455663802
a`jhi|aijae|aaeif|a~`
2057357038586463802
a`jhi|aijae|a`abd|a~`
2057357038439263802
a`jhi|aijae|a`cad|a~`
2057357038458263802
a`jhi|aijae|a`gab|a~`
2057357038498063802
a`jhi|aijae|a`cg`|a~`
2057357038463863802
a`jhi|aijae|aaagg|a~`
2057357038544563802
a`jhi|aijae|a`bgf|a~`
2057357038454463802
a`jhi|aijae|a`ge`|a~`
2057357038501863802
a`jhi|aijae|a`g`e|a~`
2057357038497363802
a`jhi|aijae|a`dba|a~`
2057357038468963802
a`jhi|aijae|a`ggc|a~`
2057357038504163802
a`jhi|aijae|a`be`|a~`
2057357038451863802
a`jhi|aijae|a`caa|a~`
2057357038457963802
a`jhi|aijae|a`c`b|a~`
2057357038457063802
a`jhi|aijae|a`ceh|a~`
2057357038462663802
a`jhi|aijae|aaefh|a~`
2057357038583663802
a`jhi|aijae|a`aib|a~`
2057357038446063802
a`jhi|aijae|a`hcd|a~`
2057357038510263802
a`jhi|aijae|a`chd|a~`
2057357038465263802
a`jhi|aijae|a`dag|a~`
2057357038468563802
a`jhi|aijae|a`hac|a~`
2057357038508163802
a`jhi|aijae|a`cg`|a~`
2057357038463863802
a`jhi|aijae|a`ghc|a~`
2057357038505163802
a`jhi|aijae|a`gai|a~`
2057357038498763802
a`jhi|aijae|a`chi|a~`
2057357038465763802
a`jhi|aijae|a`hcd|a~`
2057357038510263802
a`jhi|aijae|a`b`h|a~`
2057357038447663802
a`jhi|aijae|a`gi`|a~`
2057357038505863802
a`jhi|aijae|a`bcd|a~`
2057357038450263802
a`jhi|aijae|a`cfh|a~`
2057357038463663802
a`jhi|aijae|a`g`h|a~`
2057357038497663802
a`jhi|aijae|a`c`g|a~`
2057357038457563802
a`jhi|aijae|a`gfi|a~`
2057357038503763802
a`jhi|aijae|aaahf|a~`
2057357038545463802
a`jhi|aijae|a`chf|a~`
2057357038465463802
a`jhi|aijae|a`cah|a~`
2057357038458663802
a`jhi|aijae|a`gbd|a~`
2057357038499263802
a`jhi|aijae|a`bcb|a~`
2057357038450063802
a`jhi|aijae|a`gde|a~`
2057357038501363802
a`jhi|aijae|aaahd|a~`
2057357038545263802
a`jhi|aijae|a`gi`|a~`
2057357038505863802
a`jhi|aijae|a`ffe|a~`
2057357038493363802
a`jhi|aijae|a`g`c|a~`
2057357038497163802
a`jhi|aijae|iia`|a~`
205735704733651066
a`jhi|aijae|a`gbb|a~`
2057357038499063802
a`jhi|aijae|a`cic|a~`
2057357038466163802
a`jhi|aijae|a`dab|a~`
2057357038468063802
a`jhi|aijae|a`hbg|a~`
2057357038509563802
a`jhi|aijae|a`geg|a~`
2057357038502563802
a`jhi|aijae|a`cge|a~`
2057357038464363802
a`jhi|aijae|a`gfb|a~`
2057357038503063802
a`jhi|aijae|a`cic|a~`
2057357038466163802
a`jhi|aijae|a`hae|a~`
2057357038508363802
a`jhi|aijae|a`dcc|a~`
2057357038470163802
a`jhi|aijae|a`gfb|a~`
2057357038503063802
a`jhi|aijae|aaahd|a~`
2057357038545263802
a`jhi|aijae|a`bga|a~`
2057357038453963802
a`jhi|aijae|a`c`i|a~`
2057357038457763802
a`jhi|aijae|a`gff|a~`
2057357038503463802
a`jhi|aijae|a`ehh|a~`
2057357038485663802
a`jhi|aijae|a`chd|a~`
2057357038465263802
a`jhi|aijae|a`gfi|a~`
2057357038503763802
a`jhi|aijae|a`bag|a~`
2057357038448563802
a`jhi|aijae|a`cih|a~`
2057357038466663802
a`jhi|aijae|a`fdb|a~`
2057357038491063802
a`jhi|aijae|a`bfg|a~`
2057357038453563802
a`jhi|aijae|aabbf|a~`
2057357038549463802
a`jhi|aijae|a`gei|a~`
2057357038502763802
a`jhi|aijae|a`aif|a~`
2057357038446463802
a`jhi|aijae|a`bgf|a~`
2057357038454463802
a`jhi|aijae|a`bgf|a~`
2057357038454463802
a`jhi|aijae|aafcb|a~`
2057357038590063802
a`jhi|aijae|a`cf`|a~`
2057357038462863802
a`jhi|aijae|a`gca|a~`
2057357038499963802
a`jhi|aijae|a`gbd|a~`
2057357038499263802
a`jhi|aijae|a`g`e|a~`
2057357038497363802
a`jhi|aijae|a`geg|a~`
2057357038502563802
a`jhi|aijae|a`d`c|a~`
2057357038467163802
a`jhi|aijae|a`cah|a~`
2057357038458663802
a`jhi|aijae|a`chd|a~`
2057357038465263802
a`jhi|aijae|a`cia|a~`
2057357038465963802
a`jhi|aijae|a`fid|a~`
2057357038496263802
a`jhi|aijae|a`cia|a~`
2057357038465963802
a`jhi|aijae|a`cia|a~`
2057357038465963802
a`jhi|aijae|a`aai|a~`
2057357038438763802
a`jhi|aijae|a`fif|a~`
2057357038496463802
a`jhi|aijae|a`chf|a~`
2057357038465463802
a`jhi|aijae|a`afa|a~`
2057357038442963802
a`jhi|aijae|a`g`e|a~`
2057357038497363802
a`jhi|aijae|a`gbb|a~`
2057357038499063802
a`jhi|aijae|a`d`c|a~`
2057357038467163802
a`jhi|aijae|a`gbi|a~`
2057357038499763802
a`jhi|aijae|a`d`c|a~`
2057357038467163802
a`jhi|aijae|a`gch|a~`
2057357038500663802
a`jhi|aijae|aaagd|a~`
2057357038544263802
a`jhi|aijae|a`gab|a~`
2057357038498063802
a`jhi|aijae|aabai|a~`
2057357038548763802
