{
  "schema": "1.0",
  "comment": "This file maps proto services/RPCs to the corresponding library clients/methods.",
  "language": "go",
  "protoPackage": "google.cloud.video.transcoder.v1",
  "libraryPackage": "cloud.google.com/go/video/transcoder/apiv1",
  "services": {
    "TranscoderService": {
      "clients": {
        "grpc": {
          "libraryClient": "Client",
          "rpcs": {
            "CreateJob": {
              "methods": [
                "CreateJob"
              ]
            },
            "CreateJobTemplate": {
              "methods": [
                "CreateJobTemplate"
              ]
            },
            "DeleteJob": {
              "methods": [
                "DeleteJob"
              ]
            },
            "DeleteJobTemplate": {
              "methods": [
                "DeleteJobTemplate"
              ]
            },
            "GetJob": {
              "methods": [
                "GetJob"
              ]
            },
            "GetJobTemplate": {
              "methods": [
                "GetJobTemplate"
              ]
            },
            "ListJobTemplates": {
              "methods": [
                "ListJobTemplates"
              ]
            },
            "ListJobs": {
              "methods": [
                "ListJobs"
              ]
            }
          }
        }
      }
    }
  }
}
