{
  "schema": "1.0",
  "comment": "This file maps proto services/RPCs to the corresponding library clients/methods.",
  "language": "go",
  "protoPackage": "google.spanner.admin.instance.v1",
  "libraryPackage": "cloud.google.com/go/spanner/admin/instance/apiv1",
  "services": {
    "InstanceAdmin": {
      "clients": {
        "grpc": {
          "libraryClient": "InstanceAdminClient",
          "rpcs": {
            "CreateInstance": {
              "methods": [
                "CreateInstance"
              ]
            },
            "CreateInstanceConfig": {
              "methods": [
                "CreateInstanceConfig"
              ]
            },
            "DeleteInstance": {
              "methods": [
                "DeleteInstance"
              ]
            },
            "DeleteInstanceConfig": {
              "methods": [
                "DeleteInstanceConfig"
              ]
            },
            "GetIamPolicy": {
              "methods": [
                "GetIamPolicy"
              ]
            },
            "GetInstance": {
              "methods": [
                "GetInstance"
              ]
            },
            "GetInstanceConfig": {
              "methods": [
                "GetInstanceConfig"
              ]
            },
            "ListInstanceConfigOperations": {
              "methods": [
                "ListInstanceConfigOperations"
              ]
            },
            "ListInstanceConfigs": {
              "methods": [
                "ListInstanceConfigs"
              ]
            },
            "ListInstances": {
              "methods": [
                "ListInstances"
              ]
            },
            "SetIamPolicy": {
              "methods": [
                "SetIamPolicy"
              ]
            },
            "TestIamPermissions": {
              "methods": [
                "TestIamPermissions"
              ]
            },
            "UpdateInstance": {
              "methods": [
                "UpdateInstance"
              ]
            },
            "UpdateInstanceConfig": {
              "methods": [
                "UpdateInstanceConfig"
              ]
            }
          }
        }
      }
    }
  }
}
