{
  "schema": "1.0",
  "comment": "This file maps proto services/RPCs to the corresponding library clients/methods.",
  "language": "go",
  "protoPackage": "google.cloud.gsuiteaddons.v1",
  "libraryPackage": "cloud.google.com/go/gsuiteaddons/apiv1",
  "services": {
    "GSuiteAddOns": {
      "clients": {
        "grpc": {
          "libraryClient": "Client",
          "rpcs": {
            "CreateDeployment": {
              "methods": [
                "CreateDeployment"
              ]
            },
            "DeleteDeployment": {
              "methods": [
                "DeleteDeployment"
              ]
            },
            "GetAuthorization": {
              "methods": [
                "GetAuthorization"
              ]
            },
            "GetDeployment": {
              "methods": [
                "GetDeployment"
              ]
            },
            "GetInstallStatus": {
              "methods": [
                "GetInstallStatus"
              ]
            },
            "InstallDeployment": {
              "methods": [
                "InstallDeployment"
              ]
            },
            "ListDeployments": {
              "methods": [
                "ListDeployments"
              ]
            },
            "ReplaceDeployment": {
              "methods": [
                "ReplaceDeployment"
              ]
            },
            "UninstallDeployment": {
              "methods": [
                "UninstallDeployment"
              ]
            }
          }
        }
      }
    }
  }
}
