{
  "schema": "1.0",
  "comment": "This file maps proto services/RPCs to the corresponding library clients/methods.",
  "language": "go",
  "protoPackage": "google.cloud.osconfig.v1alpha",
  "libraryPackage": "cloud.google.com/go/osconfig/apiv1alpha",
  "services": {
    "OsConfigZonalService": {
      "clients": {
        "grpc": {
          "libraryClient": "OsConfigZonalClient",
          "rpcs": {
            "CreateOSPolicyAssignment": {
              "methods": [
                "CreateOSPolicyAssignment"
              ]
            },
            "DeleteOSPolicyAssignment": {
              "methods": [
                "DeleteOSPolicyAssignment"
              ]
            },
            "GetInstanceOSPoliciesCompliance": {
              "methods": [
                "GetInstanceOSPoliciesCompliance"
              ]
            },
            "GetInventory": {
              "methods": [
                "GetInventory"
              ]
            },
            "GetOSPolicyAssignment": {
              "methods": [
                "GetOSPolicyAssignment"
              ]
            },
            "GetOSPolicyAssignmentReport": {
              "methods": [
                "GetOSPolicyAssignmentReport"
              ]
            },
            "GetVulnerabilityReport": {
              "methods": [
                "GetVulnerabilityReport"
              ]
            },
            "ListInstanceOSPoliciesCompliances": {
              "methods": [
                "ListInstanceOSPoliciesCompliances"
              ]
            },
            "ListInventories": {
              "methods": [
                "ListInventories"
              ]
            },
            "ListOSPolicyAssignmentReports": {
              "methods": [
                "ListOSPolicyAssignmentReports"
              ]
            },
            "ListOSPolicyAssignmentRevisions": {
              "methods": [
                "ListOSPolicyAssignmentRevisions"
              ]
            },
            "ListOSPolicyAssignments": {
              "methods": [
                "ListOSPolicyAssignments"
              ]
            },
            "ListVulnerabilityReports": {
              "methods": [
                "ListVulnerabilityReports"
              ]
            },
            "UpdateOSPolicyAssignment": {
              "methods": [
                "UpdateOSPolicyAssignment"
              ]
            }
          }
        },
        "rest": {
          "libraryClient": "OsConfigZonalClient",
          "rpcs": {
            "CreateOSPolicyAssignment": {
              "methods": [
                "CreateOSPolicyAssignment"
              ]
            },
            "DeleteOSPolicyAssignment": {
              "methods": [
                "DeleteOSPolicyAssignment"
              ]
            },
            "GetInstanceOSPoliciesCompliance": {
              "methods": [
                "GetInstanceOSPoliciesCompliance"
              ]
            },
            "GetInventory": {
              "methods": [
                "GetInventory"
              ]
            },
            "GetOSPolicyAssignment": {
              "methods": [
                "GetOSPolicyAssignment"
              ]
            },
            "GetOSPolicyAssignmentReport": {
              "methods": [
                "GetOSPolicyAssignmentReport"
              ]
            },
            "GetVulnerabilityReport": {
              "methods": [
                "GetVulnerabilityReport"
              ]
            },
            "ListInstanceOSPoliciesCompliances": {
              "methods": [
                "ListInstanceOSPoliciesCompliances"
              ]
            },
            "ListInventories": {
              "methods": [
                "ListInventories"
              ]
            },
            "ListOSPolicyAssignmentReports": {
              "methods": [
                "ListOSPolicyAssignmentReports"
              ]
            },
            "ListOSPolicyAssignmentRevisions": {
              "methods": [
                "ListOSPolicyAssignmentRevisions"
              ]
            },
            "ListOSPolicyAssignments": {
              "methods": [
                "ListOSPolicyAssignments"
              ]
            },
            "ListVulnerabilityReports": {
              "methods": [
                "ListVulnerabilityReports"
              ]
            },
            "UpdateOSPolicyAssignment": {
              "methods": [
                "UpdateOSPolicyAssignment"
              ]
            }
          }
        }
      }
    }
  }
}
