{
  "schema": "1.0",
  "comment": "This file maps proto services/RPCs to the corresponding library clients/methods.",
  "language": "go",
  "protoPackage": "google.cloud.run.v2",
  "libraryPackage": "cloud.google.com/go/run/apiv2",
  "services": {
    "Executions": {
      "clients": {
        "grpc": {
          "libraryClient": "ExecutionsClient",
          "rpcs": {
            "DeleteExecution": {
              "methods": [
                "DeleteExecution"
              ]
            },
            "DeleteOperation": {
              "methods": [
                "DeleteOperation"
              ]
            },
            "GetExecution": {
              "methods": [
                "GetExecution"
              ]
            },
            "GetOperation": {
              "methods": [
                "GetOperation"
              ]
            },
            "ListExecutions": {
              "methods": [
                "ListExecutions"
              ]
            },
            "ListOperations": {
              "methods": [
                "ListOperations"
              ]
            },
            "WaitOperation": {
              "methods": [
                "WaitOperation"
              ]
            }
          }
        },
        "rest": {
          "libraryClient": "ExecutionsClient",
          "rpcs": {
            "DeleteExecution": {
              "methods": [
                "DeleteExecution"
              ]
            },
            "DeleteOperation": {
              "methods": [
                "DeleteOperation"
              ]
            },
            "GetExecution": {
              "methods": [
                "GetExecution"
              ]
            },
            "GetOperation": {
              "methods": [
                "GetOperation"
              ]
            },
            "ListExecutions": {
              "methods": [
                "ListExecutions"
              ]
            },
            "ListOperations": {
              "methods": [
                "ListOperations"
              ]
            },
            "WaitOperation": {
              "methods": [
                "WaitOperation"
              ]
            }
          }
        }
      }
    },
    "Jobs": {
      "clients": {
        "grpc": {
          "libraryClient": "JobsClient",
          "rpcs": {
            "CreateJob": {
              "methods": [
                "CreateJob"
              ]
            },
            "DeleteJob": {
              "methods": [
                "DeleteJob"
              ]
            },
            "DeleteOperation": {
              "methods": [
                "DeleteOperation"
              ]
            },
            "GetIamPolicy": {
              "methods": [
                "GetIamPolicy"
              ]
            },
            "GetJob": {
              "methods": [
                "GetJob"
              ]
            },
            "GetOperation": {
              "methods": [
                "GetOperation"
              ]
            },
            "ListJobs": {
              "methods": [
                "ListJobs"
              ]
            },
            "ListOperations": {
              "methods": [
                "ListOperations"
              ]
            },
            "RunJob": {
              "methods": [
                "RunJob"
              ]
            },
            "SetIamPolicy": {
              "methods": [
                "SetIamPolicy"
              ]
            },
            "TestIamPermissions": {
              "methods": [
                "TestIamPermissions"
              ]
            },
            "UpdateJob": {
              "methods": [
                "UpdateJob"
              ]
            },
            "WaitOperation": {
              "methods": [
                "WaitOperation"
              ]
            }
          }
        },
        "rest": {
          "libraryClient": "JobsClient",
          "rpcs": {
            "CreateJob": {
              "methods": [
                "CreateJob"
              ]
            },
            "DeleteJob": {
              "methods": [
                "DeleteJob"
              ]
            },
            "DeleteOperation": {
              "methods": [
                "DeleteOperation"
              ]
            },
            "GetIamPolicy": {
              "methods": [
                "GetIamPolicy"
              ]
            },
            "GetJob": {
              "methods": [
                "GetJob"
              ]
            },
            "GetOperation": {
              "methods": [
                "GetOperation"
              ]
            },
            "ListJobs": {
              "methods": [
                "ListJobs"
              ]
            },
            "ListOperations": {
              "methods": [
                "ListOperations"
              ]
            },
            "RunJob": {
              "methods": [
                "RunJob"
              ]
            },
            "SetIamPolicy": {
              "methods": [
                "SetIamPolicy"
              ]
            },
            "TestIamPermissions": {
              "methods": [
                "TestIamPermissions"
              ]
            },
            "UpdateJob": {
              "methods": [
                "UpdateJob"
              ]
            },
            "WaitOperation": {
              "methods": [
                "WaitOperation"
              ]
            }
          }
        }
      }
    },
    "Locations": {
      "clients": {
        "grpc": {
          "libraryClient": "LocationsClient",
          "rpcs": {
            "DeleteOperation": {
              "methods": [
                "DeleteOperation"
              ]
            },
            "GetLocation": {
              "methods": [
                "GetLocation"
              ]
            },
            "GetOperation": {
              "methods": [
                "GetOperation"
              ]
            },
            "ListLocations": {
              "methods": [
                "ListLocations"
              ]
            },
            "ListOperations": {
              "methods": [
                "ListOperations"
              ]
            },
            "WaitOperation": {
              "methods": [
                "WaitOperation"
              ]
            }
          }
        },
        "rest": {
          "libraryClient": "LocationsClient",
          "rpcs": {
            "DeleteOperation": {
              "methods": [
                "DeleteOperation"
              ]
            },
            "GetLocation": {
              "methods": [
                "GetLocation"
              ]
            },
            "GetOperation": {
              "methods": [
                "GetOperation"
              ]
            },
            "ListLocations": {
              "methods": [
                "ListLocations"
              ]
            },
            "ListOperations": {
              "methods": [
                "ListOperations"
              ]
            },
            "WaitOperation": {
              "methods": [
                "WaitOperation"
              ]
            }
          }
        }
      }
    },
    "Revisions": {
      "clients": {
        "grpc": {
          "libraryClient": "RevisionsClient",
          "rpcs": {
            "DeleteOperation": {
              "methods": [
                "DeleteOperation"
              ]
            },
            "DeleteRevision": {
              "methods": [
                "DeleteRevision"
              ]
            },
            "GetOperation": {
              "methods": [
                "GetOperation"
              ]
            },
            "GetRevision": {
              "methods": [
                "GetRevision"
              ]
            },
            "ListOperations": {
              "methods": [
                "ListOperations"
              ]
            },
            "ListRevisions": {
              "methods": [
                "ListRevisions"
              ]
            },
            "WaitOperation": {
              "methods": [
                "WaitOperation"
              ]
            }
          }
        },
        "rest": {
          "libraryClient": "RevisionsClient",
          "rpcs": {
            "DeleteOperation": {
              "methods": [
                "DeleteOperation"
              ]
            },
            "DeleteRevision": {
              "methods": [
                "DeleteRevision"
              ]
            },
            "GetOperation": {
              "methods": [
                "GetOperation"
              ]
            },
            "GetRevision": {
              "methods": [
                "GetRevision"
              ]
            },
            "ListOperations": {
              "methods": [
                "ListOperations"
              ]
            },
            "ListRevisions": {
              "methods": [
                "ListRevisions"
              ]
            },
            "WaitOperation": {
              "methods": [
                "WaitOperation"
              ]
            }
          }
        }
      }
    },
    "Services": {
      "clients": {
        "grpc": {
          "libraryClient": "ServicesClient",
          "rpcs": {
            "CreateService": {
              "methods": [
                "CreateService"
              ]
            },
            "DeleteOperation": {
              "methods": [
                "DeleteOperation"
              ]
            },
            "DeleteService": {
              "methods": [
                "DeleteService"
              ]
            },
            "GetIamPolicy": {
              "methods": [
                "GetIamPolicy"
              ]
            },
            "GetOperation": {
              "methods": [
                "GetOperation"
              ]
            },
            "GetService": {
              "methods": [
                "GetService"
              ]
            },
            "ListOperations": {
              "methods": [
                "ListOperations"
              ]
            },
            "ListServices": {
              "methods": [
                "ListServices"
              ]
            },
            "SetIamPolicy": {
              "methods": [
                "SetIamPolicy"
              ]
            },
            "TestIamPermissions": {
              "methods": [
                "TestIamPermissions"
              ]
            },
            "UpdateService": {
              "methods": [
                "UpdateService"
              ]
            },
            "WaitOperation": {
              "methods": [
                "WaitOperation"
              ]
            }
          }
        },
        "rest": {
          "libraryClient": "ServicesClient",
          "rpcs": {
            "CreateService": {
              "methods": [
                "CreateService"
              ]
            },
            "DeleteOperation": {
              "methods": [
                "DeleteOperation"
              ]
            },
            "DeleteService": {
              "methods": [
                "DeleteService"
              ]
            },
            "GetIamPolicy": {
              "methods": [
                "GetIamPolicy"
              ]
            },
            "GetOperation": {
              "methods": [
                "GetOperation"
              ]
            },
            "GetService": {
              "methods": [
                "GetService"
              ]
            },
            "ListOperations": {
              "methods": [
                "ListOperations"
              ]
            },
            "ListServices": {
              "methods": [
                "ListServices"
              ]
            },
            "SetIamPolicy": {
              "methods": [
                "SetIamPolicy"
              ]
            },
            "TestIamPermissions": {
              "methods": [
                "TestIamPermissions"
              ]
            },
            "UpdateService": {
              "methods": [
                "UpdateService"
              ]
            },
            "WaitOperation": {
              "methods": [
                "WaitOperation"
              ]
            }
          }
        }
      }
    },
    "Tasks": {
      "clients": {
        "grpc": {
          "libraryClient": "TasksClient",
          "rpcs": {
            "DeleteOperation": {
              "methods": [
                "DeleteOperation"
              ]
            },
            "GetOperation": {
              "methods": [
                "GetOperation"
              ]
            },
            "GetTask": {
              "methods": [
                "GetTask"
              ]
            },
            "ListOperations": {
              "methods": [
                "ListOperations"
              ]
            },
            "ListTasks": {
              "methods": [
                "ListTasks"
              ]
            },
            "WaitOperation": {
              "methods": [
                "WaitOperation"
              ]
            }
          }
        },
        "rest": {
          "libraryClient": "TasksClient",
          "rpcs": {
            "DeleteOperation": {
              "methods": [
                "DeleteOperation"
              ]
            },
            "GetOperation": {
              "methods": [
                "GetOperation"
              ]
            },
            "GetTask": {
              "methods": [
                "GetTask"
              ]
            },
            "ListOperations": {
              "methods": [
                "ListOperations"
              ]
            },
            "ListTasks": {
              "methods": [
                "ListTasks"
              ]
            },
            "WaitOperation": {
              "methods": [
                "WaitOperation"
              ]
            }
          }
        }
      }
    }
  }
}
