{
  "schema": "1.0",
  "comment": "This file maps proto services/RPCs to the corresponding library clients/methods.",
  "language": "go",
  "protoPackage": "google.cloud.security.privateca.v1beta1",
  "libraryPackage": "cloud.google.com/go/security/privateca/apiv1beta1",
  "services": {
    "CertificateAuthorityService": {
      "clients": {
        "grpc": {
          "libraryClient": "CertificateAuthorityClient",
          "rpcs": {
            "ActivateCertificateAuthority": {
              "methods": [
                "ActivateCertificateAuthority"
              ]
            },
            "CreateCertificate": {
              "methods": [
                "CreateCertificate"
              ]
            },
            "CreateCertificateAuthority": {
              "methods": [
                "CreateCertificateAuthority"
              ]
            },
            "DisableCertificateAuthority": {
              "methods": [
                "DisableCertificateAuthority"
              ]
            },
            "EnableCertificateAuthority": {
              "methods": [
                "EnableCertificateAuthority"
              ]
            },
            "FetchCertificateAuthorityCsr": {
              "methods": [
                "FetchCertificateAuthorityCsr"
              ]
            },
            "GetCertificate": {
              "methods": [
                "GetCertificate"
              ]
            },
            "GetCertificateAuthority": {
              "methods": [
                "GetCertificateAuthority"
              ]
            },
            "GetCertificateRevocationList": {
              "methods": [
                "GetCertificateRevocationList"
              ]
            },
            "GetReusableConfig": {
              "methods": [
                "GetReusableConfig"
              ]
            },
            "ListCertificateAuthorities": {
              "methods": [
                "ListCertificateAuthorities"
              ]
            },
            "ListCertificateRevocationLists": {
              "methods": [
                "ListCertificateRevocationLists"
              ]
            },
            "ListCertificates": {
              "methods": [
                "ListCertificates"
              ]
            },
            "ListReusableConfigs": {
              "methods": [
                "ListReusableConfigs"
              ]
            },
            "RestoreCertificateAuthority": {
              "methods": [
                "RestoreCertificateAuthority"
              ]
            },
            "RevokeCertificate": {
              "methods": [
                "RevokeCertificate"
              ]
            },
            "ScheduleDeleteCertificateAuthority": {
              "methods": [
                "ScheduleDeleteCertificateAuthority"
              ]
            },
            "UpdateCertificate": {
              "methods": [
                "UpdateCertificate"
              ]
            },
            "UpdateCertificateAuthority": {
              "methods": [
                "UpdateCertificateAuthority"
              ]
            },
            "UpdateCertificateRevocationList": {
              "methods": [
                "UpdateCertificateRevocationList"
              ]
            }
          }
        },
        "rest": {
          "libraryClient": "CertificateAuthorityClient",
          "rpcs": {
            "ActivateCertificateAuthority": {
              "methods": [
                "ActivateCertificateAuthority"
              ]
            },
            "CreateCertificate": {
              "methods": [
                "CreateCertificate"
              ]
            },
            "CreateCertificateAuthority": {
              "methods": [
                "CreateCertificateAuthority"
              ]
            },
            "DisableCertificateAuthority": {
              "methods": [
                "DisableCertificateAuthority"
              ]
            },
            "EnableCertificateAuthority": {
              "methods": [
                "EnableCertificateAuthority"
              ]
            },
            "FetchCertificateAuthorityCsr": {
              "methods": [
                "FetchCertificateAuthorityCsr"
              ]
            },
            "GetCertificate": {
              "methods": [
                "GetCertificate"
              ]
            },
            "GetCertificateAuthority": {
              "methods": [
                "GetCertificateAuthority"
              ]
            },
            "GetCertificateRevocationList": {
              "methods": [
                "GetCertificateRevocationList"
              ]
            },
            "GetReusableConfig": {
              "methods": [
                "GetReusableConfig"
              ]
            },
            "ListCertificateAuthorities": {
              "methods": [
                "ListCertificateAuthorities"
              ]
            },
            "ListCertificateRevocationLists": {
              "methods": [
                "ListCertificateRevocationLists"
              ]
            },
            "ListCertificates": {
              "methods": [
                "ListCertificates"
              ]
            },
            "ListReusableConfigs": {
              "methods": [
                "ListReusableConfigs"
              ]
            },
            "RestoreCertificateAuthority": {
              "methods": [
                "RestoreCertificateAuthority"
              ]
            },
            "RevokeCertificate": {
              "methods": [
                "RevokeCertificate"
              ]
            },
            "ScheduleDeleteCertificateAuthority": {
              "methods": [
                "ScheduleDeleteCertificateAuthority"
              ]
            },
            "UpdateCertificate": {
              "methods": [
                "UpdateCertificate"
              ]
            },
            "UpdateCertificateAuthority": {
              "methods": [
                "UpdateCertificateAuthority"
              ]
            },
            "UpdateCertificateRevocationList": {
              "methods": [
                "UpdateCertificateRevocationList"
              ]
            }
          }
        }
      }
    }
  }
}
