{
  "schema": "1.0",
  "comment": "This file maps proto services/RPCs to the corresponding library clients/methods.",
  "language": "go",
  "protoPackage": "google.cloud.metastore.v1",
  "libraryPackage": "cloud.google.com/go/metastore/apiv1",
  "services": {
    "DataprocMetastore": {
      "clients": {
        "grpc": {
          "libraryClient": "DataprocMetastoreClient",
          "rpcs": {
            "CreateBackup": {
              "methods": [
                "CreateBackup"
              ]
            },
            "CreateMetadataImport": {
              "methods": [
                "CreateMetadataImport"
              ]
            },
            "CreateService": {
              "methods": [
                "CreateService"
              ]
            },
            "DeleteBackup": {
              "methods": [
                "DeleteBackup"
              ]
            },
            "DeleteOperation": {
              "methods": [
                "DeleteOperation"
              ]
            },
            "DeleteService": {
              "methods": [
                "DeleteService"
              ]
            },
            "ExportMetadata": {
              "methods": [
                "ExportMetadata"
              ]
            },
            "GetBackup": {
              "methods": [
                "GetBackup"
              ]
            },
            "GetIamPolicy": {
              "methods": [
                "GetIamPolicy"
              ]
            },
            "GetLocation": {
              "methods": [
                "GetLocation"
              ]
            },
            "GetMetadataImport": {
              "methods": [
                "GetMetadataImport"
              ]
            },
            "GetOperation": {
              "methods": [
                "GetOperation"
              ]
            },
            "GetService": {
              "methods": [
                "GetService"
              ]
            },
            "ListBackups": {
              "methods": [
                "ListBackups"
              ]
            },
            "ListLocations": {
              "methods": [
                "ListLocations"
              ]
            },
            "ListMetadataImports": {
              "methods": [
                "ListMetadataImports"
              ]
            },
            "ListOperations": {
              "methods": [
                "ListOperations"
              ]
            },
            "ListServices": {
              "methods": [
                "ListServices"
              ]
            },
            "RestoreService": {
              "methods": [
                "RestoreService"
              ]
            },
            "SetIamPolicy": {
              "methods": [
                "SetIamPolicy"
              ]
            },
            "TestIamPermissions": {
              "methods": [
                "TestIamPermissions"
              ]
            },
            "UpdateMetadataImport": {
              "methods": [
                "UpdateMetadataImport"
              ]
            },
            "UpdateService": {
              "methods": [
                "UpdateService"
              ]
            }
          }
        },
        "rest": {
          "libraryClient": "DataprocMetastoreClient",
          "rpcs": {
            "CreateBackup": {
              "methods": [
                "CreateBackup"
              ]
            },
            "CreateMetadataImport": {
              "methods": [
                "CreateMetadataImport"
              ]
            },
            "CreateService": {
              "methods": [
                "CreateService"
              ]
            },
            "DeleteBackup": {
              "methods": [
                "DeleteBackup"
              ]
            },
            "DeleteOperation": {
              "methods": [
                "DeleteOperation"
              ]
            },
            "DeleteService": {
              "methods": [
                "DeleteService"
              ]
            },
            "ExportMetadata": {
              "methods": [
                "ExportMetadata"
              ]
            },
            "GetBackup": {
              "methods": [
                "GetBackup"
              ]
            },
            "GetIamPolicy": {
              "methods": [
                "GetIamPolicy"
              ]
            },
            "GetLocation": {
              "methods": [
                "GetLocation"
              ]
            },
            "GetMetadataImport": {
              "methods": [
                "GetMetadataImport"
              ]
            },
            "GetOperation": {
              "methods": [
                "GetOperation"
              ]
            },
            "GetService": {
              "methods": [
                "GetService"
              ]
            },
            "ListBackups": {
              "methods": [
                "ListBackups"
              ]
            },
            "ListLocations": {
              "methods": [
                "ListLocations"
              ]
            },
            "ListMetadataImports": {
              "methods": [
                "ListMetadataImports"
              ]
            },
            "ListOperations": {
              "methods": [
                "ListOperations"
              ]
            },
            "ListServices": {
              "methods": [
                "ListServices"
              ]
            },
            "RestoreService": {
              "methods": [
                "RestoreService"
              ]
            },
            "SetIamPolicy": {
              "methods": [
                "SetIamPolicy"
              ]
            },
            "TestIamPermissions": {
              "methods": [
                "TestIamPermissions"
              ]
            },
            "UpdateMetadataImport": {
              "methods": [
                "UpdateMetadataImport"
              ]
            },
            "UpdateService": {
              "methods": [
                "UpdateService"
              ]
            }
          }
        }
      }
    },
    "DataprocMetastoreFederation": {
      "clients": {
        "grpc": {
          "libraryClient": "DataprocMetastoreFederationClient",
          "rpcs": {
            "CreateFederation": {
              "methods": [
                "CreateFederation"
              ]
            },
            "DeleteFederation": {
              "methods": [
                "DeleteFederation"
              ]
            },
            "DeleteOperation": {
              "methods": [
                "DeleteOperation"
              ]
            },
            "GetFederation": {
              "methods": [
                "GetFederation"
              ]
            },
            "GetIamPolicy": {
              "methods": [
                "GetIamPolicy"
              ]
            },
            "GetLocation": {
              "methods": [
                "GetLocation"
              ]
            },
            "GetOperation": {
              "methods": [
                "GetOperation"
              ]
            },
            "ListFederations": {
              "methods": [
                "ListFederations"
              ]
            },
            "ListLocations": {
              "methods": [
                "ListLocations"
              ]
            },
            "ListOperations": {
              "methods": [
                "ListOperations"
              ]
            },
            "SetIamPolicy": {
              "methods": [
                "SetIamPolicy"
              ]
            },
            "TestIamPermissions": {
              "methods": [
                "TestIamPermissions"
              ]
            },
            "UpdateFederation": {
              "methods": [
                "UpdateFederation"
              ]
            }
          }
        },
        "rest": {
          "libraryClient": "DataprocMetastoreFederationClient",
          "rpcs": {
            "CreateFederation": {
              "methods": [
                "CreateFederation"
              ]
            },
            "DeleteFederation": {
              "methods": [
                "DeleteFederation"
              ]
            },
            "DeleteOperation": {
              "methods": [
                "DeleteOperation"
              ]
            },
            "GetFederation": {
              "methods": [
                "GetFederation"
              ]
            },
            "GetIamPolicy": {
              "methods": [
                "GetIamPolicy"
              ]
            },
            "GetLocation": {
              "methods": [
                "GetLocation"
              ]
            },
            "GetOperation": {
              "methods": [
                "GetOperation"
              ]
            },
            "ListFederations": {
              "methods": [
                "ListFederations"
              ]
            },
            "ListLocations": {
              "methods": [
                "ListLocations"
              ]
            },
            "ListOperations": {
              "methods": [
                "ListOperations"
              ]
            },
            "SetIamPolicy": {
              "methods": [
                "SetIamPolicy"
              ]
            },
            "TestIamPermissions": {
              "methods": [
                "TestIamPermissions"
              ]
            },
            "UpdateFederation": {
              "methods": [
                "UpdateFederation"
              ]
            }
          }
        }
      }
    }
  }
}
