{
  "schema": "1.0",
  "comment": "This file maps proto services/RPCs to the corresponding library clients/methods.",
  "language": "go",
  "protoPackage": "google.cloud.recaptchaenterprise.v1beta1",
  "libraryPackage": "cloud.google.com/go/recaptchaenterprise/v2/apiv1beta1",
  "services": {
    "RecaptchaEnterpriseServiceV1Beta1": {
      "clients": {
        "grpc": {
          "libraryClient": "RecaptchaEnterpriseServiceV1Beta1Client",
          "rpcs": {
            "AnnotateAssessment": {
              "methods": [
                "AnnotateAssessment"
              ]
            },
            "CreateAssessment": {
              "methods": [
                "CreateAssessment"
              ]
            }
          }
        },
        "rest": {
          "libraryClient": "RecaptchaEnterpriseServiceV1Beta1Client",
          "rpcs": {
            "AnnotateAssessment": {
              "methods": [
                "AnnotateAssessment"
              ]
            },
            "CreateAssessment": {
              "methods": [
                "CreateAssessment"
              ]
            }
          }
        }
      }
    }
  }
}
