{
  "schema": "1.0",
  "comment": "This file maps proto services/RPCs to the corresponding library clients/methods.",
  "language": "go",
  "protoPackage": "google.cloud.oslogin.v1beta",
  "libraryPackage": "cloud.google.com/go/oslogin/apiv1beta",
  "services": {
    "OsLoginService": {
      "clients": {
        "grpc": {
          "libraryClient": "Client",
          "rpcs": {
            "DeletePosixAccount": {
              "methods": [
                "DeletePosixAccount"
              ]
            },
            "DeleteSshPublicKey": {
              "methods": [
                "DeleteSshPublicKey"
              ]
            },
            "GetLoginProfile": {
              "methods": [
                "GetLoginProfile"
              ]
            },
            "GetSshPublicKey": {
              "methods": [
                "GetSshPublicKey"
              ]
            },
            "ImportSshPublicKey": {
              "methods": [
                "ImportSshPublicKey"
              ]
            },
            "UpdateSshPublicKey": {
              "methods": [
                "UpdateSshPublicKey"
              ]
            }
          }
        },
        "rest": {
          "libraryClient": "Client",
          "rpcs": {
            "DeletePosixAccount": {
              "methods": [
                "DeletePosixAccount"
              ]
            },
            "DeleteSshPublicKey": {
              "methods": [
                "DeleteSshPublicKey"
              ]
            },
            "GetLoginProfile": {
              "methods": [
                "GetLoginProfile"
              ]
            },
            "GetSshPublicKey": {
              "methods": [
                "GetSshPublicKey"
              ]
            },
            "ImportSshPublicKey": {
              "methods": [
                "ImportSshPublicKey"
              ]
            },
            "UpdateSshPublicKey": {
              "methods": [
                "UpdateSshPublicKey"
              ]
            }
          }
        }
      }
    }
  }
}
