{
  "schema": "1.0",
  "comment": "This file maps proto services/RPCs to the corresponding library clients/methods.",
  "language": "go",
  "protoPackage": "google.cloud.deploy.v1",
  "libraryPackage": "cloud.google.com/go/deploy/apiv1",
  "services": {
    "CloudDeploy": {
      "clients": {
        "grpc": {
          "libraryClient": "CloudDeployClient",
          "rpcs": {
            "AbandonRelease": {
              "methods": [
                "AbandonRelease"
              ]
            },
            "AdvanceRollout": {
              "methods": [
                "AdvanceRollout"
              ]
            },
            "ApproveRollout": {
              "methods": [
                "ApproveRollout"
              ]
            },
            "CancelOperation": {
              "methods": [
                "CancelOperation"
              ]
            },
            "CancelRollout": {
              "methods": [
                "CancelRollout"
              ]
            },
            "CreateDeliveryPipeline": {
              "methods": [
                "CreateDeliveryPipeline"
              ]
            },
            "CreateRelease": {
              "methods": [
                "CreateRelease"
              ]
            },
            "CreateRollout": {
              "methods": [
                "CreateRollout"
              ]
            },
            "CreateTarget": {
              "methods": [
                "CreateTarget"
              ]
            },
            "DeleteDeliveryPipeline": {
              "methods": [
                "DeleteDeliveryPipeline"
              ]
            },
            "DeleteOperation": {
              "methods": [
                "DeleteOperation"
              ]
            },
            "DeleteTarget": {
              "methods": [
                "DeleteTarget"
              ]
            },
            "GetConfig": {
              "methods": [
                "GetConfig"
              ]
            },
            "GetDeliveryPipeline": {
              "methods": [
                "GetDeliveryPipeline"
              ]
            },
            "GetIamPolicy": {
              "methods": [
                "GetIamPolicy"
              ]
            },
            "GetJobRun": {
              "methods": [
                "GetJobRun"
              ]
            },
            "GetLocation": {
              "methods": [
                "GetLocation"
              ]
            },
            "GetOperation": {
              "methods": [
                "GetOperation"
              ]
            },
            "GetRelease": {
              "methods": [
                "GetRelease"
              ]
            },
            "GetRollout": {
              "methods": [
                "GetRollout"
              ]
            },
            "GetTarget": {
              "methods": [
                "GetTarget"
              ]
            },
            "IgnoreJob": {
              "methods": [
                "IgnoreJob"
              ]
            },
            "ListDeliveryPipelines": {
              "methods": [
                "ListDeliveryPipelines"
              ]
            },
            "ListJobRuns": {
              "methods": [
                "ListJobRuns"
              ]
            },
            "ListLocations": {
              "methods": [
                "ListLocations"
              ]
            },
            "ListOperations": {
              "methods": [
                "ListOperations"
              ]
            },
            "ListReleases": {
              "methods": [
                "ListReleases"
              ]
            },
            "ListRollouts": {
              "methods": [
                "ListRollouts"
              ]
            },
            "ListTargets": {
              "methods": [
                "ListTargets"
              ]
            },
            "RetryJob": {
              "methods": [
                "RetryJob"
              ]
            },
            "SetIamPolicy": {
              "methods": [
                "SetIamPolicy"
              ]
            },
            "TerminateJobRun": {
              "methods": [
                "TerminateJobRun"
              ]
            },
            "TestIamPermissions": {
              "methods": [
                "TestIamPermissions"
              ]
            },
            "UpdateDeliveryPipeline": {
              "methods": [
                "UpdateDeliveryPipeline"
              ]
            },
            "UpdateTarget": {
              "methods": [
                "UpdateTarget"
              ]
            }
          }
        },
        "rest": {
          "libraryClient": "CloudDeployClient",
          "rpcs": {
            "AbandonRelease": {
              "methods": [
                "AbandonRelease"
              ]
            },
            "AdvanceRollout": {
              "methods": [
                "AdvanceRollout"
              ]
            },
            "ApproveRollout": {
              "methods": [
                "ApproveRollout"
              ]
            },
            "CancelOperation": {
              "methods": [
                "CancelOperation"
              ]
            },
            "CancelRollout": {
              "methods": [
                "CancelRollout"
              ]
            },
            "CreateDeliveryPipeline": {
              "methods": [
                "CreateDeliveryPipeline"
              ]
            },
            "CreateRelease": {
              "methods": [
                "CreateRelease"
              ]
            },
            "CreateRollout": {
              "methods": [
                "CreateRollout"
              ]
            },
            "CreateTarget": {
              "methods": [
                "CreateTarget"
              ]
            },
            "DeleteDeliveryPipeline": {
              "methods": [
                "DeleteDeliveryPipeline"
              ]
            },
            "DeleteOperation": {
              "methods": [
                "DeleteOperation"
              ]
            },
            "DeleteTarget": {
              "methods": [
                "DeleteTarget"
              ]
            },
            "GetConfig": {
              "methods": [
                "GetConfig"
              ]
            },
            "GetDeliveryPipeline": {
              "methods": [
                "GetDeliveryPipeline"
              ]
            },
            "GetIamPolicy": {
              "methods": [
                "GetIamPolicy"
              ]
            },
            "GetJobRun": {
              "methods": [
                "GetJobRun"
              ]
            },
            "GetLocation": {
              "methods": [
                "GetLocation"
              ]
            },
            "GetOperation": {
              "methods": [
                "GetOperation"
              ]
            },
            "GetRelease": {
              "methods": [
                "GetRelease"
              ]
            },
            "GetRollout": {
              "methods": [
                "GetRollout"
              ]
            },
            "GetTarget": {
              "methods": [
                "GetTarget"
              ]
            },
            "IgnoreJob": {
              "methods": [
                "IgnoreJob"
              ]
            },
            "ListDeliveryPipelines": {
              "methods": [
                "ListDeliveryPipelines"
              ]
            },
            "ListJobRuns": {
              "methods": [
                "ListJobRuns"
              ]
            },
            "ListLocations": {
              "methods": [
                "ListLocations"
              ]
            },
            "ListOperations": {
              "methods": [
                "ListOperations"
              ]
            },
            "ListReleases": {
              "methods": [
                "ListReleases"
              ]
            },
            "ListRollouts": {
              "methods": [
                "ListRollouts"
              ]
            },
            "ListTargets": {
              "methods": [
                "ListTargets"
              ]
            },
            "RetryJob": {
              "methods": [
                "RetryJob"
              ]
            },
            "SetIamPolicy": {
              "methods": [
                "SetIamPolicy"
              ]
            },
            "TerminateJobRun": {
              "methods": [
                "TerminateJobRun"
              ]
            },
            "TestIamPermissions": {
              "methods": [
                "TestIamPermissions"
              ]
            },
            "UpdateDeliveryPipeline": {
              "methods": [
                "UpdateDeliveryPipeline"
              ]
            },
            "UpdateTarget": {
              "methods": [
                "UpdateTarget"
              ]
            }
          }
        }
      }
    }
  }
}
