{
  "schema": "1.0",
  "comment": "This file maps proto services/RPCs to the corresponding library clients/methods.",
  "language": "go",
  "protoPackage": "google.datastore.admin.v1",
  "libraryPackage": "cloud.google.com/go/datastore/admin/apiv1",
  "services": {
    "DatastoreAdmin": {
      "clients": {
        "grpc": {
          "libraryClient": "DatastoreAdminClient",
          "rpcs": {
            "CancelOperation": {
              "methods": [
                "CancelOperation"
              ]
            },
            "CreateIndex": {
              "methods": [
                "CreateIndex"
              ]
            },
            "DeleteIndex": {
              "methods": [
                "DeleteIndex"
              ]
            },
            "DeleteOperation": {
              "methods": [
                "DeleteOperation"
              ]
            },
            "ExportEntities": {
              "methods": [
                "ExportEntities"
              ]
            },
            "GetIndex": {
              "methods": [
                "GetIndex"
              ]
            },
            "GetOperation": {
              "methods": [
                "GetOperation"
              ]
            },
            "ImportEntities": {
              "methods": [
                "ImportEntities"
              ]
            },
            "ListIndexes": {
              "methods": [
                "ListIndexes"
              ]
            },
            "ListOperations": {
              "methods": [
                "ListOperations"
              ]
            }
          }
        }
      }
    }
  }
}
