{
  "schema": "1.0",
  "comment": "This file maps proto services/RPCs to the corresponding library clients/methods.",
  "language": "go",
  "protoPackage": "google.appengine.v1",
  "libraryPackage": "cloud.google.com/go/appengine/apiv1",
  "services": {
    "Applications": {
      "clients": {
        "grpc": {
          "libraryClient": "ApplicationsClient",
          "rpcs": {
            "CreateApplication": {
              "methods": [
                "CreateApplication"
              ]
            },
            "GetApplication": {
              "methods": [
                "GetApplication"
              ]
            },
            "RepairApplication": {
              "methods": [
                "RepairApplication"
              ]
            },
            "UpdateApplication": {
              "methods": [
                "UpdateApplication"
              ]
            }
          }
        },
        "rest": {
          "libraryClient": "ApplicationsClient",
          "rpcs": {
            "CreateApplication": {
              "methods": [
                "CreateApplication"
              ]
            },
            "GetApplication": {
              "methods": [
                "GetApplication"
              ]
            },
            "RepairApplication": {
              "methods": [
                "RepairApplication"
              ]
            },
            "UpdateApplication": {
              "methods": [
                "UpdateApplication"
              ]
            }
          }
        }
      }
    },
    "AuthorizedCertificates": {
      "clients": {
        "grpc": {
          "libraryClient": "AuthorizedCertificatesClient",
          "rpcs": {
            "CreateAuthorizedCertificate": {
              "methods": [
                "CreateAuthorizedCertificate"
              ]
            },
            "DeleteAuthorizedCertificate": {
              "methods": [
                "DeleteAuthorizedCertificate"
              ]
            },
            "GetAuthorizedCertificate": {
              "methods": [
                "GetAuthorizedCertificate"
              ]
            },
            "ListAuthorizedCertificates": {
              "methods": [
                "ListAuthorizedCertificates"
              ]
            },
            "UpdateAuthorizedCertificate": {
              "methods": [
                "UpdateAuthorizedCertificate"
              ]
            }
          }
        },
        "rest": {
          "libraryClient": "AuthorizedCertificatesClient",
          "rpcs": {
            "CreateAuthorizedCertificate": {
              "methods": [
                "CreateAuthorizedCertificate"
              ]
            },
            "DeleteAuthorizedCertificate": {
              "methods": [
                "DeleteAuthorizedCertificate"
              ]
            },
            "GetAuthorizedCertificate": {
              "methods": [
                "GetAuthorizedCertificate"
              ]
            },
            "ListAuthorizedCertificates": {
              "methods": [
                "ListAuthorizedCertificates"
              ]
            },
            "UpdateAuthorizedCertificate": {
              "methods": [
                "UpdateAuthorizedCertificate"
              ]
            }
          }
        }
      }
    },
    "AuthorizedDomains": {
      "clients": {
        "grpc": {
          "libraryClient": "AuthorizedDomainsClient",
          "rpcs": {
            "ListAuthorizedDomains": {
              "methods": [
                "ListAuthorizedDomains"
              ]
            }
          }
        },
        "rest": {
          "libraryClient": "AuthorizedDomainsClient",
          "rpcs": {
            "ListAuthorizedDomains": {
              "methods": [
                "ListAuthorizedDomains"
              ]
            }
          }
        }
      }
    },
    "DomainMappings": {
      "clients": {
        "grpc": {
          "libraryClient": "DomainMappingsClient",
          "rpcs": {
            "CreateDomainMapping": {
              "methods": [
                "CreateDomainMapping"
              ]
            },
            "DeleteDomainMapping": {
              "methods": [
                "DeleteDomainMapping"
              ]
            },
            "GetDomainMapping": {
              "methods": [
                "GetDomainMapping"
              ]
            },
            "ListDomainMappings": {
              "methods": [
                "ListDomainMappings"
              ]
            },
            "UpdateDomainMapping": {
              "methods": [
                "UpdateDomainMapping"
              ]
            }
          }
        },
        "rest": {
          "libraryClient": "DomainMappingsClient",
          "rpcs": {
            "CreateDomainMapping": {
              "methods": [
                "CreateDomainMapping"
              ]
            },
            "DeleteDomainMapping": {
              "methods": [
                "DeleteDomainMapping"
              ]
            },
            "GetDomainMapping": {
              "methods": [
                "GetDomainMapping"
              ]
            },
            "ListDomainMappings": {
              "methods": [
                "ListDomainMappings"
              ]
            },
            "UpdateDomainMapping": {
              "methods": [
                "UpdateDomainMapping"
              ]
            }
          }
        }
      }
    },
    "Firewall": {
      "clients": {
        "grpc": {
          "libraryClient": "FirewallClient",
          "rpcs": {
            "BatchUpdateIngressRules": {
              "methods": [
                "BatchUpdateIngressRules"
              ]
            },
            "CreateIngressRule": {
              "methods": [
                "CreateIngressRule"
              ]
            },
            "DeleteIngressRule": {
              "methods": [
                "DeleteIngressRule"
              ]
            },
            "GetIngressRule": {
              "methods": [
                "GetIngressRule"
              ]
            },
            "ListIngressRules": {
              "methods": [
                "ListIngressRules"
              ]
            },
            "UpdateIngressRule": {
              "methods": [
                "UpdateIngressRule"
              ]
            }
          }
        },
        "rest": {
          "libraryClient": "FirewallClient",
          "rpcs": {
            "BatchUpdateIngressRules": {
              "methods": [
                "BatchUpdateIngressRules"
              ]
            },
            "CreateIngressRule": {
              "methods": [
                "CreateIngressRule"
              ]
            },
            "DeleteIngressRule": {
              "methods": [
                "DeleteIngressRule"
              ]
            },
            "GetIngressRule": {
              "methods": [
                "GetIngressRule"
              ]
            },
            "ListIngressRules": {
              "methods": [
                "ListIngressRules"
              ]
            },
            "UpdateIngressRule": {
              "methods": [
                "UpdateIngressRule"
              ]
            }
          }
        }
      }
    },
    "Instances": {
      "clients": {
        "grpc": {
          "libraryClient": "InstancesClient",
          "rpcs": {
            "DebugInstance": {
              "methods": [
                "DebugInstance"
              ]
            },
            "DeleteInstance": {
              "methods": [
                "DeleteInstance"
              ]
            },
            "GetInstance": {
              "methods": [
                "GetInstance"
              ]
            },
            "ListInstances": {
              "methods": [
                "ListInstances"
              ]
            }
          }
        },
        "rest": {
          "libraryClient": "InstancesClient",
          "rpcs": {
            "DebugInstance": {
              "methods": [
                "DebugInstance"
              ]
            },
            "DeleteInstance": {
              "methods": [
                "DeleteInstance"
              ]
            },
            "GetInstance": {
              "methods": [
                "GetInstance"
              ]
            },
            "ListInstances": {
              "methods": [
                "ListInstances"
              ]
            }
          }
        }
      }
    },
    "Services": {
      "clients": {
        "grpc": {
          "libraryClient": "ServicesClient",
          "rpcs": {
            "DeleteService": {
              "methods": [
                "DeleteService"
              ]
            },
            "GetService": {
              "methods": [
                "GetService"
              ]
            },
            "ListServices": {
              "methods": [
                "ListServices"
              ]
            },
            "UpdateService": {
              "methods": [
                "UpdateService"
              ]
            }
          }
        },
        "rest": {
          "libraryClient": "ServicesClient",
          "rpcs": {
            "DeleteService": {
              "methods": [
                "DeleteService"
              ]
            },
            "GetService": {
              "methods": [
                "GetService"
              ]
            },
            "ListServices": {
              "methods": [
                "ListServices"
              ]
            },
            "UpdateService": {
              "methods": [
                "UpdateService"
              ]
            }
          }
        }
      }
    },
    "Versions": {
      "clients": {
        "grpc": {
          "libraryClient": "VersionsClient",
          "rpcs": {
            "CreateVersion": {
              "methods": [
                "CreateVersion"
              ]
            },
            "DeleteVersion": {
              "methods": [
                "DeleteVersion"
              ]
            },
            "GetVersion": {
              "methods": [
                "GetVersion"
              ]
            },
            "ListVersions": {
              "methods": [
                "ListVersions"
              ]
            },
            "UpdateVersion": {
              "methods": [
                "UpdateVersion"
              ]
            }
          }
        },
        "rest": {
          "libraryClient": "VersionsClient",
          "rpcs": {
            "CreateVersion": {
              "methods": [
                "CreateVersion"
              ]
            },
            "DeleteVersion": {
              "methods": [
                "DeleteVersion"
              ]
            },
            "GetVersion": {
              "methods": [
                "GetVersion"
              ]
            },
            "ListVersions": {
              "methods": [
                "ListVersions"
              ]
            },
            "UpdateVersion": {
              "methods": [
                "UpdateVersion"
              ]
            }
          }
        }
      }
    }
  }
}
