{
  "auth": {
    "oauth2": {
      "scopes": {
        "https://www.googleapis.com/auth/cloud-platform": {
          "description": "View and manage your data across Google Cloud Platform services"
        }
      }
    }
  },
  "basePath": "",
  "baseUrl": "https://firebaseml.googleapis.com/",
  "batchPath": "batch",
  "canonicalName": "Firebase ML",
  "description": "Access custom machine learning models hosted via Firebase ML.",
  "discoveryVersion": "v1",
  "documentationLink": "https://firebase.google.com",
  "fullyEncodeReservedExpansion": true,
  "icons": {
    "x16": "http://www.google.com/images/icons/product/search-16.gif",
    "x32": "http://www.google.com/images/icons/product/search-32.gif"
  },
  "id": "firebaseml:v1",
  "kind": "discovery#restDescription",
  "mtlsRootUrl": "https://firebaseml.mtls.googleapis.com/",
  "name": "firebaseml",
  "ownerDomain": "google.com",
  "ownerName": "Google",
  "parameters": {
    "$.xgafv": {
      "description": "V1 error format.",
      "enum": [
        "1",
        "2"
      ],
      "enumDescriptions": [
        "v1 error format",
        "v2 error format"
      ],
      "location": "query",
      "type": "string"
    },
    "access_token": {
      "description": "OAuth access token.",
      "location": "query",
      "type": "string"
    },
    "alt": {
      "default": "json",
      "description": "Data format for response.",
      "enum": [
        "json",
        "media",
        "proto"
      ],
      "enumDescriptions": [
        "Responses with Content-Type of application/json",
        "Media download with context-dependent Content-Type",
        "Responses with Content-Type of application/x-protobuf"
      ],
      "location": "query",
      "type": "string"
    },
    "callback": {
      "description": "JSONP",
      "location": "query",
      "type": "string"
    },
    "fields": {
      "description": "Selector specifying which fields to include in a partial response.",
      "location": "query",
      "type": "string"
    },
    "key": {
      "description": "API key. Your API key identifies your project and provides you with API access, quota, and reports. Required unless you provide an OAuth 2.0 token.",
      "location": "query",
      "type": "string"
    },
    "oauth_token": {
      "description": "OAuth 2.0 token for the current user.",
      "location": "query",
      "type": "string"
    },
    "prettyPrint": {
      "default": "true",
      "description": "Returns response with indentations and line breaks.",
      "location": "query",
      "type": "boolean"
    },
    "quotaUser": {
      "description": "Available to use for quota purposes for server-side applications. Can be any arbitrary string assigned to a user, but should not exceed 40 characters.",
      "location": "query",
      "type": "string"
    },
    "uploadType": {
      "description": "Legacy upload protocol for media (e.g. \"media\", \"multipart\").",
      "location": "query",
      "type": "string"
    },
    "upload_protocol": {
      "description": "Upload protocol for media (e.g. \"raw\", \"multipart\").",
      "location": "query",
      "type": "string"
    }
  },
  "protocol": "rest",
  "resources": {
    "operations": {
      "methods": {
        "cancel": {
          "description": "Starts asynchronous cancellation on a long-running operation.  The server\nmakes a best effort to cancel the operation, but success is not\nguaranteed.  If the server doesn't support this method, it returns\n`google.rpc.Code.UNIMPLEMENTED`.  Clients can use\nOperations.GetOperation or\nother methods to check whether the cancellation succeeded or whether the\noperation completed despite cancellation. On successful cancellation,\nthe operation is not deleted; instead, it becomes an operation with\nan Operation.error value with a google.rpc.Status.code of 1,\ncorresponding to `Code.CANCELLED`.",
          "flatPath": "v1/operations/{operationsId}:cancel",
          "httpMethod": "POST",
          "id": "firebaseml.operations.cancel",
          "parameterOrder": [
            "name"
          ],
          "parameters": {
            "name": {
              "description": "The name of the operation resource to be cancelled.",
              "location": "path",
              "pattern": "^operations/.*$",
              "required": true,
              "type": "string"
            }
          },
          "path": "v1/{+name}:cancel",
          "request": {
            "$ref": "CancelOperationRequest"
          },
          "response": {
            "$ref": "Empty"
          },
          "scopes": [
            "https://www.googleapis.com/auth/cloud-platform"
          ]
        },
        "delete": {
          "description": "Deletes a long-running operation. This method indicates that the client is\nno longer interested in the operation result. It does not cancel the\noperation. If the server doesn't support this method, it returns\n`google.rpc.Code.UNIMPLEMENTED`.",
          "flatPath": "v1/operations/{operationsId}",
          "httpMethod": "DELETE",
          "id": "firebaseml.operations.delete",
          "parameterOrder": [
            "name"
          ],
          "parameters": {
            "name": {
              "description": "The name of the operation resource to be deleted.",
              "location": "path",
              "pattern": "^operations/.*$",
              "required": true,
              "type": "string"
            }
          },
          "path": "v1/{+name}",
          "response": {
            "$ref": "Empty"
          },
          "scopes": [
            "https://www.googleapis.com/auth/cloud-platform"
          ]
        },
        "list": {
          "description": "Lists operations that match the specified filter in the request. If the\nserver doesn't support this method, it returns `UNIMPLEMENTED`.\n\nNOTE: the `name` binding allows API services to override the binding\nto use different resource name schemes, such as `users/*/operations`. To\noverride the binding, API services can add a binding such as\n`\"/v1/{name=users/*}/operations\"` to their service configuration.\nFor backwards compatibility, the default name includes the operations\ncollection id, however overriding users must ensure the name binding\nis the parent resource, without the operations collection id.",
          "flatPath": "v1/operations",
          "httpMethod": "GET",
          "id": "firebaseml.operations.list",
          "parameterOrder": [
            "name"
          ],
          "parameters": {
            "filter": {
              "description": "The standard list filter.",
              "location": "query",
              "type": "string"
            },
            "name": {
              "description": "The name of the operation's parent resource.",
              "location": "path",
              "pattern": "^operations$",
              "required": true,
              "type": "string"
            },
            "pageSize": {
              "description": "The standard list page size.",
              "format": "int32",
              "location": "query",
              "type": "integer"
            },
            "pageToken": {
              "description": "The standard list page token.",
              "location": "query",
              "type": "string"
            }
          },
          "path": "v1/{+name}",
          "response": {
            "$ref": "ListOperationsResponse"
          },
          "scopes": [
            "https://www.googleapis.com/auth/cloud-platform"
          ]
        }
      }
    }
  },
  "revision": "20200527",
  "rootUrl": "https://firebaseml.googleapis.com/",
  "schemas": {
    "CancelOperationRequest": {
      "description": "The request message for Operations.CancelOperation.",
      "id": "CancelOperationRequest",
      "properties": {},
      "type": "object"
    },
    "Empty": {
      "description": "A generic empty message that you can re-use to avoid defining duplicated\nempty messages in your APIs. A typical example is to use it as the request\nor the response type of an API method. For instance:\n\n    service Foo {\n      rpc Bar(google.protobuf.Empty) returns (google.protobuf.Empty);\n    }\n\nThe JSON representation for `Empty` is empty JSON object `{}`.",
      "id": "Empty",
      "properties": {},
      "type": "object"
    },
    "ListOperationsResponse": {
      "description": "The response message for Operations.ListOperations.",
      "id": "ListOperationsResponse",
      "properties": {
        "nextPageToken": {
          "description": "The standard List next-page token.",
          "type": "string"
        },
        "operations": {
          "description": "A list of operations that matches the specified filter in the request.",
          "items": {
            "$ref": "Operation"
          },
          "type": "array"
        }
      },
      "type": "object"
    },
    "ModelOperationMetadata": {
      "description": "This is returned in the longrunning operations\nfor create/update.",
      "id": "ModelOperationMetadata",
      "properties": {
        "basicOperationStatus": {
          "enum": [
            "BASIC_OPERATION_STATUS_UNSPECIFIED",
            "BASIC_OPERATION_STATUS_UPLOADING",
            "BASIC_OPERATION_STATUS_VERIFYING"
          ],
          "enumDescriptions": [
            "The status is unspecified",
            "The model file is being uploaded",
            "The model file is being verified"
          ],
          "type": "string"
        },
        "name": {
          "description": "The name of the model we are creating/updating\nThe name must have the form `projects/{project_id}/models/{model_id}`",
          "type": "string"
        }
      },
      "type": "object"
    },
    "Operation": {
      "description": "This resource represents a long-running operation that is the result of a\nnetwork API call.",
      "id": "Operation",
      "properties": {
        "done": {
          "description": "If the value is `false`, it means the operation is still in progress.\nIf `true`, the operation is completed, and either `error` or `response` is\navailable.",
          "type": "boolean"
        },
        "error": {
          "$ref": "Status",
          "description": "The error result of the operation in case of failure or cancellation."
        },
        "metadata": {
          "additionalProperties": {
            "description": "Properties of the object. Contains field @type with type URL.",
            "type": "any"
          },
          "description": "Service-specific metadata associated with the operation.  It typically\ncontains progress information and common metadata such as create time.\nSome services might not provide such metadata.  Any method that returns a\nlong-running operation should document the metadata type, if any.",
          "type": "object"
        },
        "name": {
          "description": "The server-assigned name, which is only unique within the same service that\noriginally returns it. If you use the default HTTP mapping, the\n`name` should be a resource name ending with `operations/{unique_id}`.",
          "type": "string"
        },
        "response": {
          "additionalProperties": {
            "description": "Properties of the object. Contains field @type with type URL.",
            "type": "any"
          },
          "description": "The normal response of the operation in case of success.  If the original\nmethod returns no data on success, such as `Delete`, the response is\n`google.protobuf.Empty`.  If the original method is standard\n`Get`/`Create`/`Update`, the response should be the resource.  For other\nmethods, the response should have the type `XxxResponse`, where `Xxx`\nis the original method name.  For example, if the original method name\nis `TakeSnapshot()`, the inferred response type is\n`TakeSnapshotResponse`.",
          "type": "object"
        }
      },
      "type": "object"
    },
    "Status": {
      "description": "The `Status` type defines a logical error model that is suitable for\ndifferent programming environments, including REST APIs and RPC APIs. It is\nused by [gRPC](https://github.com/grpc). Each `Status` message contains\nthree pieces of data: error code, error message, and error details.\n\nYou can find out more about this error model and how to work with it in the\n[API Design Guide](https://cloud.google.com/apis/design/errors).",
      "id": "Status",
      "properties": {
        "code": {
          "description": "The status code, which should be an enum value of google.rpc.Code.",
          "format": "int32",
          "type": "integer"
        },
        "details": {
          "description": "A list of messages that carry the error details.  There is a common set of\nmessage types for APIs to use.",
          "items": {
            "additionalProperties": {
              "description": "Properties of the object. Contains field @type with type URL.",
              "type": "any"
            },
            "type": "object"
          },
          "type": "array"
        },
        "message": {
          "description": "A developer-facing error message, which should be in English. Any\nuser-facing error message should be localized and sent in the\ngoogle.rpc.Status.details field, or localized by the client.",
          "type": "string"
        }
      },
      "type": "object"
    }
  },
  "servicePath": "",
  "title": "Firebase ML API",
  "version": "v1",
  "version_module": true
}