{
  "schema": "1.0",
  "comment": "This file maps proto services/RPCs to the corresponding library clients/methods.",
  "language": "go",
  "protoPackage": "google.cloud.pubsublite.v1",
  "libraryPackage": "cloud.google.com/go/pubsublite/apiv1",
  "services": {
    "AdminService": {
      "clients": {
        "grpc": {
          "libraryClient": "AdminClient",
          "rpcs": {
            "CancelOperation": {
              "methods": [
                "CancelOperation"
              ]
            },
            "CreateReservation": {
              "methods": [
                "CreateReservation"
              ]
            },
            "CreateSubscription": {
              "methods": [
                "CreateSubscription"
              ]
            },
            "CreateTopic": {
              "methods": [
                "CreateTopic"
              ]
            },
            "DeleteOperation": {
              "methods": [
                "DeleteOperation"
              ]
            },
            "DeleteReservation": {
              "methods": [
                "DeleteReservation"
              ]
            },
            "DeleteSubscription": {
              "methods": [
                "DeleteSubscription"
              ]
            },
            "DeleteTopic": {
              "methods": [
                "DeleteTopic"
              ]
            },
            "GetOperation": {
              "methods": [
                "GetOperation"
              ]
            },
            "GetReservation": {
              "methods": [
                "GetReservation"
              ]
            },
            "GetSubscription": {
              "methods": [
                "GetSubscription"
              ]
            },
            "GetTopic": {
              "methods": [
                "GetTopic"
              ]
            },
            "GetTopicPartitions": {
              "methods": [
                "GetTopicPartitions"
              ]
            },
            "ListOperations": {
              "methods": [
                "ListOperations"
              ]
            },
            "ListReservationTopics": {
              "methods": [
                "ListReservationTopics"
              ]
            },
            "ListReservations": {
              "methods": [
                "ListReservations"
              ]
            },
            "ListSubscriptions": {
              "methods": [
                "ListSubscriptions"
              ]
            },
            "ListTopicSubscriptions": {
              "methods": [
                "ListTopicSubscriptions"
              ]
            },
            "ListTopics": {
              "methods": [
                "ListTopics"
              ]
            },
            "SeekSubscription": {
              "methods": [
                "SeekSubscription"
              ]
            },
            "UpdateReservation": {
              "methods": [
                "UpdateReservation"
              ]
            },
            "UpdateSubscription": {
              "methods": [
                "UpdateSubscription"
              ]
            },
            "UpdateTopic": {
              "methods": [
                "UpdateTopic"
              ]
            }
          }
        }
      }
    },
    "CursorService": {
      "clients": {
        "grpc": {
          "libraryClient": "CursorClient",
          "rpcs": {
            "CancelOperation": {
              "methods": [
                "CancelOperation"
              ]
            },
            "CommitCursor": {
              "methods": [
                "CommitCursor"
              ]
            },
            "DeleteOperation": {
              "methods": [
                "DeleteOperation"
              ]
            },
            "GetOperation": {
              "methods": [
                "GetOperation"
              ]
            },
            "ListOperations": {
              "methods": [
                "ListOperations"
              ]
            },
            "ListPartitionCursors": {
              "methods": [
                "ListPartitionCursors"
              ]
            },
            "StreamingCommitCursor": {
              "methods": [
                "StreamingCommitCursor"
              ]
            }
          }
        }
      }
    },
    "PartitionAssignmentService": {
      "clients": {
        "grpc": {
          "libraryClient": "PartitionAssignmentClient",
          "rpcs": {
            "AssignPartitions": {
              "methods": [
                "AssignPartitions"
              ]
            },
            "CancelOperation": {
              "methods": [
                "CancelOperation"
              ]
            },
            "DeleteOperation": {
              "methods": [
                "DeleteOperation"
              ]
            },
            "GetOperation": {
              "methods": [
                "GetOperation"
              ]
            },
            "ListOperations": {
              "methods": [
                "ListOperations"
              ]
            }
          }
        }
      }
    },
    "PublisherService": {
      "clients": {
        "grpc": {
          "libraryClient": "PublisherClient",
          "rpcs": {
            "CancelOperation": {
              "methods": [
                "CancelOperation"
              ]
            },
            "DeleteOperation": {
              "methods": [
                "DeleteOperation"
              ]
            },
            "GetOperation": {
              "methods": [
                "GetOperation"
              ]
            },
            "ListOperations": {
              "methods": [
                "ListOperations"
              ]
            },
            "Publish": {
              "methods": [
                "Publish"
              ]
            }
          }
        }
      }
    },
    "SubscriberService": {
      "clients": {
        "grpc": {
          "libraryClient": "SubscriberClient",
          "rpcs": {
            "CancelOperation": {
              "methods": [
                "CancelOperation"
              ]
            },
            "DeleteOperation": {
              "methods": [
                "DeleteOperation"
              ]
            },
            "GetOperation": {
              "methods": [
                "GetOperation"
              ]
            },
            "ListOperations": {
              "methods": [
                "ListOperations"
              ]
            },
            "Subscribe": {
              "methods": [
                "Subscribe"
              ]
            }
          }
        }
      }
    },
    "TopicStatsService": {
      "clients": {
        "grpc": {
          "libraryClient": "TopicStatsClient",
          "rpcs": {
            "CancelOperation": {
              "methods": [
                "CancelOperation"
              ]
            },
            "ComputeHeadCursor": {
              "methods": [
                "ComputeHeadCursor"
              ]
            },
            "ComputeMessageStats": {
              "methods": [
                "ComputeMessageStats"
              ]
            },
            "ComputeTimeCursor": {
              "methods": [
                "ComputeTimeCursor"
              ]
            },
            "DeleteOperation": {
              "methods": [
                "DeleteOperation"
              ]
            },
            "GetOperation": {
              "methods": [
                "GetOperation"
              ]
            },
            "ListOperations": {
              "methods": [
                "ListOperations"
              ]
            }
          }
        }
      }
    }
  }
}
